,Job_title,company_name,City,State,job_type,qualification,average_rating_list,company_culture,growth_opportunities,people_you_work_with,person_you_work_for,rewards_you_receive,suppport_you_get,way_you_work,work_setting,Designation,final_rating,polarity,Sentiment
0,DATA SCIENTIST,PUMA,Bengaluru,Karnataka,Not mentioned,"['Azure', 'SQL', 'Spark', 'Performance marketing', 'Deep learning', ""Bachelor's degree"", ""Master's degree""]",3.6,3.3,3.3,4.5,3.5,3.5,3,3.5,4,Scientist,3.6,0.8126,Positive
1,Associate Architect - Fullstack (Python/ Ruby and Angular),Clarivate,Bengaluru,Karnataka,Full-time,"['React', 'Continuous integration', 'SQL', '.NET', 'CI/CD', ""Bachelor's degree"", ""Master's degree""]",4.8,5,4,5,5,4,5,5,5,Associate,4.8,0.9757,Positive
2,Software Engineer,Dell Technologies,India,India,Full-time,"['DNS', 'VMWare', 'ESXi', 'Software troubleshooting', 'TCP']",3.9,3.8,3.4,4.3,4.1,3.9,3.8,4,3.9,Engineer,3.9,0.6143,Positive
3,RestartWithInfosys-EAIS-Java/Springboot/Microservices Consultant,Infosys Limited,Bengaluru,Karnataka,Not mentioned,"['APIs', 'Microservices', 'Java', ""Bachelor's degree"", ""Master's degree""]",4,3.8,3.7,4.4,4.2,3.5,4,4.2,4,Consultant,4,0.8176,Positive
4,Data Annotator,Conxai Technologies GmbH,Bengaluru,Karnataka,Full-time,"['Deep learning', 'Software deployment', 'PyTorch', 'Python', 'Data science', ""Bachelor's degree""]",4,3.9,3.6,4.4,4.2,3.8,3.9,4.1,3.9,Other,4,0.4404,Negative
5,Data Science Intern,Discover Dollar,Remote,Remote,Internship,"['Azure', 'NoSQL', 'MongoDB', 'Sentiment analytics', 'Git', ""Bachelor's degree""]",3.9,3.6,3.5,4.4,4.4,3.6,3.8,4.1,3.7,Intern,3.9,0,Negative
6,Data Engineer-Fresher,TransUnion,Bengaluru,Karnataka,Full-time,"['Analysis skills', 'SQL', 'Python', 'Statistics', 'AWS', ""Bachelor's degree"", ""Master's degree""]",4,4,3.5,4.5,4.1,3.9,4.1,4.3,3.9,Engineer,4,-0.783,Negative
7,Data Science/Data Analytics,Excellence and Eminence LLP,Bengaluru,Karnataka,Full-time,"['D3.js', 'SQL', 'Apache Hive', 'Tableau', 'Apache Pig']",3.9,3.9,3.4,4.4,4.1,3.7,3.9,4,4.1,Analyst,3.9,0,Negative
8,Data Scientist,Infiniti Research,Bengaluru,Karnataka,Full-time,"['Communication skills', 'Machine learning', 'Python', 'Data science', 'Natural language processing']",3,3.1,2.5,3.6,3.5,2.6,2.6,3.6,2.9,Scientist,3,0.7494,Positive
9,Data Science & Analytics - SESG Team,Samsung Electronics,Bengaluru,Karnataka,Full-time,"['Software deployment', 'Application development', 'TensorFlow', 'C++', 'MATLAB']",3.9,3.7,3.7,4.4,4.2,3.8,3.9,4,4,Analyst,4,0.8814,Positive
10,Data Scientist,Deets Digital,Bengaluru,Karnataka,Full-time,"['Statistical analysis', 'Analysis skills', 'Communication skills', 'R', 'Machine learning']",3.9,3.8,3.4,4.4,4.1,3.7,3.9,4.1,4,Scientist,3.9,0,Negative
11,Data Science & ML Engineer,Markytics,Mumbai,Maharashtra,Full-time | Internship,"['SQL', 'Django', 'Machine learning', 'Python', 'AWS']",4.1,4.1,3.5,4.4,4.2,4,4.1,4.2,4.2,Engineer,4.1,0.4404,Negative
12,Data Scientist,iSOCRATES,Mysore,Karnataka,New-Grad,"['Spark', 'OOP', 'MATLAB', 'Analytics', 'Hadoop', 'Doctoral degree', ""Master's degree""]",3.9,3.8,3.4,4.4,4.1,3.7,3.9,4.1,4,Scientist,3.9,0,Negative
13,Data Analyst Intern,Fireblaze AI School,Remote,Remote,Internship,"['Power BI', 'Microsoft Excel', 'Machine learning', 'Python', 'Tableau']",3.9,3.6,3.5,4.4,4.4,3.6,3.8,4.1,3.7,Intern,3.9,0,Negative
14,Data Scientist,Infosys Limited,Bengaluru,Karnataka,Not mentioned,"['Microsoft Access', 'Analysis skills', 'SQL', 'SAS', 'Microsoft Powerpoint', ""Bachelor's degree""]",4,3.8,3.7,4.4,4.2,3.5,4,4.2,4,Scientist,4,0.8176,Positive
15,"Associate, Data Science",Bain & Company,Bengaluru,Karnataka,Full-time,"['SQL', 'Apache Hive', 'Fraud', 'Communication skills', 'Scala', ""Bachelor's degree""]",4.1,4,3.7,4.4,4.3,3.8,4.1,4.2,4.1,Associate,4.1,0.4404,Negative
16,Data and Business Analyst,Scarface Technology PVT LTD,Remote,Remote,Full-time | New-Grad,"['Leadership', 'Statistics', 'Data analysis skills', 'Math', ""Bachelor's degree""]",3.9,3.9,3.4,4.4,4.1,3.7,3.9,4,4.1,Analyst,3.9,0,Negative
17,Data Analyst Intern,Discover Dollar,Remote,Remote,Internship,"['Machine learning', 'Data science', 'Financial services', 'AI', ""Bachelor's degree""]",3.9,3.6,3.5,4.4,4.4,3.6,3.8,4.1,3.7,Intern,3.9,0,Negative
18,Data Science Intern,Hashwide Pvt Ltd,Ernakulam,Kerala,Full-time | Internship,"['R', 'Python', 'Data analysis skills', 'Data science']",3.9,3.6,3.5,4.4,4.4,3.6,3.8,4.1,3.7,Intern,3.9,0,Negative
19,Associate Data Analytics - Freshers,BigSpire Software,Bengaluru,Karnataka,New-Grad,"['Analysis skills', 'Communication skills', 'Hadoop', 'MapReduce', ""Bachelor's degree"", ""Master's degree""]",4.1,4,3.7,4.4,4.3,3.8,4.1,4.2,4.1,Associate,4.1,0.4404,Negative
20,Analyst,IQVIA,Bengaluru,Karnataka,Full-time,"['Time management', ""Bachelor's degree""]",4.2,4.1,3.9,4.7,4.5,4,4,4.4,4,Analyst,4.2,0.9325,Positive
21,Analyst-Data Science,Accenture,Bengaluru,Karnataka,Full-time,"['Machine learning', 'Predictive analytics', 'Data mining', 'Data science', 'AI', ""Bachelor's degree"", ""Master's degree""]",4.1,4,3.8,4.4,4.3,3.8,4.1,4.2,4.1,Analyst,4.1,0.9808,Positive
22,16231-Clin Data Coord,IQVIA,Bengaluru,Karnataka,Full-time,"['Leadership', 'Medical terminology', 'Communication skills', 'Data management', 'Computer skills', ""Bachelor's degree""]",4.2,4.1,3.9,4.7,4.5,4,4,4.4,4,Other,4.2,0.9325,Positive
23,Software Engineering Manager - Python / Data Analytics,FrogData,Bengaluru,Karnataka,Full-time,"['SQL', 'SciPy', 'DevOps', 'Communication skills', 'APIs', ""Bachelor's degree""]",5,5,5,5,5,5,5,5,5,Manager,5,0.9251,Positive
24,Data Engineer,Numerator,Pune,Maharashtra,Full-time,"['Confluence', 'Data modeling', 'Azure', 'SQL', 'Jira', ""Bachelor's degree"", 'Diploma', ""Master's degree""]",3.6,3.3,2.7,4.3,4.7,3,4,3.3,3.3,Engineer,3.6,0.765,Positive
25,BI Analyst,Indeed,Bengaluru,Karnataka,Full-time,"['SQL', 'Tableau', 'NumPy', 'Pandas', 'Microsoft Powerpoint', ""Bachelor's degree""]",4.4,4.7,3.5,4.8,4.3,4.3,4.3,4.5,4.6,Analyst,4.4,-0.1779,Negative
26,Data Scientist Intern,zBliss Technologies,Bengaluru,Karnataka,Full-time | Internship,"['TensorFlow', 'Project management', 'Machine learning', 'Data management', 'Python', ""Bachelor's degree"", ""Master's degree""]",3.9,3.6,3.5,4.4,4.4,3.6,3.8,4.1,3.7,Intern,3.9,0,Negative
27,Clinical Data Specialist,Labcorp,Bengaluru,Karnataka,Full-time,"['Medical terminology', 'Data management', 'Data entry', 'Time management', ""Master's degree""]",3.5,3.4,2.8,4,3.7,3.2,3.6,3.7,3.4,Other,3.5,0.9186,Positive
28,Data Engineer,Exeevo,Bengaluru,Karnataka,Full-time,"['Analysis skills', 'Power BI', 'Azure', 'SQL', 'SSIS']",4.1,4.1,3.5,4.4,4.2,4,4.1,4.2,4.2,Engineer,4.1,0.4404,Negative
29,Research Analyst - Industrial Goods,Boston Consulting Group,Bengaluru,Karnataka,Full-time,"['Databases', 'Bloomberg', 'Microsoft Powerpoint', ""Bachelor's degree"", ""Master's degree""]",4,3.9,3.5,4.4,4.2,3.8,4,4.1,4,Research,4,0.4404,Negative
30,Manager Data Science (Client consulting),Visa,Bengaluru,Karnataka,Full-time,"['SQL', 'Apache Hive', 'SAS', 'Banking', 'Data analytics', 'Doctoral degree', ""Bachelor's degree"", ""Master's degree""]",4.1,4,3.7,4.5,4.3,4,3.9,4.1,4,Manager,4.1,0.8591,Positive
31,Data Analyst - Bangalore / Vadodara,Nielsen,Bengaluru,Karnataka,Full-time,"['Power BI', 'Marketing mix modeling', 'Microsoft Excel', 'SAS', 'Tableau', ""Master's degree""]",3.5,3.4,3,4,3.8,3.3,3.6,3.8,3.4,Analyst,3.5,-0.2748,Negative
32,Data Scientist / Decision Scientist,Maruti Suzuki India Ltd,Bengaluru,Karnataka,Full-time,"['APIs', 'Machine learning', 'Python', 'NumPy', 'Pandas']",3.9,3.8,3.4,4.4,4.1,3.7,3.9,4.1,4,Scientist,3.9,0,Negative
33,Data Scientist,Bosch Group,Bengaluru,Karnataka,Full-time,"['Azure', 'NoSQL', 'OOP', 'Communication skills', 'Agile', ""Bachelor's degree"", ""Master's degree""]",4,3.9,3.4,4.4,4.2,3.7,4,4.2,4,Scientist,4,0,Negative
34,Data Science,Globussoft Technologies,Bengaluru,Karnataka,Full-time,"['Deep learning', 'SQL', 'Machine learning', 'Python', 'NoSQL']",3.9,3.8,3.4,4.4,4.1,3.7,3.9,4.1,4,Scientist,3.9,0,Negative
35,Application Support - Technology Analyst,Infosys Limited,Coimbatore,Tamil Nadu,Not mentioned,"['React', 'CSS', 'Teaching experience', 'SaaS', 'NoSQL', ""Bachelor's degree"", ""Master's degree""]",4,3.8,3.7,4.4,4.2,3.5,4,4.2,4,Analyst,4,0.8176,Positive
36,Data Science Intern,S8Vrittih Corporate Pvt Ltd,Bengaluru,Karnataka,Full-time,"['Machine learning', 'Data science']",3.9,3.6,3.5,4.4,4.4,3.6,3.8,4.1,3.7,Intern,3.9,0,Negative
37,Data Science,Kanini Software Solutions,Chennai,Tamil Nadu,Full-time,"['SQL', 'Windows', 'SAS', 'UNIX', 'Communication skills', ""Bachelor's degree""]",3.9,3.8,3.4,4.4,4.1,3.7,3.9,4.1,4,Scientist,3.9,0,Negative
38,"Technology head Data science, data analytics background",Truedge Software Solutions,Hyderabad,Telangana,Not mentioned,"['Product development', 'Data analytics', 'Full-stack development', 'Machine learning', 'Python']",3.9,3.9,3.4,4.4,4.1,3.7,3.9,4,4.1,Analyst,3.9,0,Negative
39,Data Scientist: Advanced Analytics,IBM,Gurgaon,Haryana,Full-time,"['Machine learning', 'Data science', 'Research & development', ""Master's degree"", 'Doctoral degree']",4,3.9,3.6,4.4,4.2,3.8,4,4.1,4,Analyst,4,0.9927,Positive
40,Research Associate,Thermo Fisher Scientific,Bengaluru,Karnataka,Full-time,"['Communication skills', 'Unity', 'Microsoft Powerpoint', 'Microsoft Office', 'Microsoft Word', ""Master's degree""]",4.1,4,3.7,4.4,4.3,3.8,4.1,4.2,4.1,Associate,4.1,0.4404,Negative
41,Trainee in Business Intelligence and Data Science,Beinex,Kochi,Kerala,New-Grad,"['Analysis skills', 'Power BI', 'SAS', 'Tableau', 'Presentation skills', ""Bachelor's degree"", ""Master's degree""]",3.9,3.8,3.4,4.4,4.1,3.7,3.9,4.1,4,Scientist,3.9,0,Negative
42,Data Scientist,Orcapod,Bengaluru,Karnataka,Full-time,"['Power BI', 'SQL', 'Spark', 'Data visualization', 'DevOps', ""Bachelor's degree""]",4.8,5,4,5,5,4,5,5,5,Scientist,4.8,0.4939,Negative
43,Data Science Analyst,Adobe,Bengaluru,Karnataka,Full-time,"['Communication skills', 'Adobe Analytics', 'Data modeling', 'SQL', 'Analytics']",4.2,4.4,3.6,4.5,4.3,4.2,4.2,4.2,4.3,Analyst,4.2,0.5968,Positive
44,Jr Data Scientist (Remote),Think Future Technologies,Gurgaon,Haryana,Full-time,"['Relational databases', 'SQL', 'PyTorch', 'Predictive analytics', 'Pandas']",3.9,3.8,3.4,4.4,4.1,3.7,3.9,4.1,4,Scientist,3.9,0,Negative
45,Data Science Application Developer,Accenture,Hyderabad,Telangana,Full-time,"['CSS', 'SQL', 'SAS', 'Tableau', 'UNIX', ""Bachelor's degree"", ""Master's degree""]",4.1,4,3.8,4.4,4.3,3.8,4.1,4.2,4.1,Developer,4.1,0.9808,Positive
46,IT Consulting,Infosys Limited,Thiruvananthapuram,Kerala,Not mentioned,"['DevOps', '.NET', 'Java', ""Bachelor's degree"", ""Master's degree""]",4,3.8,3.7,4.4,4.2,3.5,4,4.2,4,Consultant,4,0.8176,Positive
47,Data Scientist,IQM Corporation,Ahmedabad,Gujarat,Full-time,"['Elasticsearch', 'Analysis skills', 'Power BI', 'SQL', 'Spark', 'Doctoral degree', ""Bachelor's degree"", ""Master's degree""]",3.9,3.8,3.4,4.4,4.1,3.7,3.9,4.1,4,Scientist,3.9,0,Negative
48,Data Scientist Internship,MaxgenKharadi,Pune,Maharashtra,Internship,"['Python', 'Data science', '12th Pass', 'Diploma']",3.9,3.6,3.5,4.4,4.4,3.6,3.8,4.1,3.7,Intern,3.9,0,Negative
49,Full-Stack Developer,BNY Mellon,Chennai,Tamil Nadu,Not mentioned,"['CSS', 'Relational databases', '.NET', 'Node.js', 'Application development', ""Bachelor's degree""]",4,3.9,3.6,4.5,4.2,3.5,3.9,4.1,4.2,Developer,4,0.4404,Negative
50,Data Analyst (Overnight),24-7 Intouch,Hyderabad,Telangana,Full-time,"['SQL', 'Microsoft Excel', 'SAS', 'Database design', 'Data visualization', ""Bachelor's degree""]",3.9,3.9,3.4,4.4,4.1,3.7,3.9,4,4.1,Analyst,3.9,0,Negative
51,Software Engineer 4 - Core PTE,Indeed,Hyderabad,Telangana,Full-time,"['SOAP', 'REST', 'SQL', '.NET', 'NoSQL', ""Bachelor's degree""]",4.4,4.7,3.5,4.8,4.3,4.3,4.3,4.5,4.6,Engineer,4.4,-0.1779,Negative
52,Data Scientist,HP,Bengaluru,Karnataka,Full-time,"['Analysis skills', 'Communication skills', 'Statistics', 'Data science', ""Bachelor's degree"", ""Master's degree"", 'Doctoral degree']",3.9,3.8,3.3,4.4,4.1,3.6,3.9,4.1,3.9,Scientist,3.9,0.7768,Positive
53,#RestartWithInfosys-EAIS-SAP CPI Consultant,Infosys Limited,Bengaluru,Karnataka,Not mentioned,"['SAP', ""Bachelor's degree"", ""Master's degree""]",4,3.8,3.7,4.4,4.2,3.5,4,4.2,4,Consultant,4,0.8176,Positive
54,Net/SQL Developer,Miles Technologies,Mumbai,Maharashtra,Full-time,"['CSS', 'Azure', 'SQL', 'Bootstrap', 'Agile', ""Bachelor's degree""]",4,3.9,3.6,4.5,4.2,3.5,3.9,4.1,4.2,Developer,4,0.4404,Negative
55,BI Manager,Indeed,Bengaluru,Karnataka,Full-time,"['SQL', 'Microsoft Powerpoint', 'Python', 'Business requirements', 'ETL', ""Bachelor's degree""]",4.4,4.7,3.5,4.8,4.3,4.3,4.3,4.5,4.6,Manager,4.4,-0.1779,Negative
56,EY - GDS Consulting - Data Scientist - Intern,EY,Kochi,Kerala,Internship,"['Project management', 'Mechanical engineering', 'Natural language processing', 'Deep learning', 'Communication skills', ""Bachelor's degree"", ""Master's degree""]",3.9,3.5,3.8,4.4,4.3,3.4,3.9,4.1,3.7,Intern,3.9,0.9535,Positive
57,Data Science- Analyst (Intern),Merkle,Pune,Maharashtra,Internship | New-Grad,"['Power BI', 'SQL', 'Analytics', 'R', 'Python']",3.7,3.5,3.5,4.3,4,2.9,3.5,3.7,4,Intern,3.7,0.9758,Positive
58,Data Analyst,NetCom Learning,Remote,Remote,Full-time,"['Analysis skills', 'SQL', 'SAS', 'Database design', 'SPSS', ""Bachelor's degree""]",3.9,3.9,3.4,4.4,4.1,3.7,3.9,4,4.1,Analyst,3.9,0,Negative
59,Data Science - Fresher/Trainee,Shyena Tech Yarns Pvt Ltd,Pune,Maharashtra,Full-time | Internship | New-Grad,"['Analysis skills', 'Power BI', 'Spark', 'Tableau', 'Pandas']",3.9,3.8,3.4,4.4,4.1,3.7,3.9,4.1,4,Scientist,3.9,0,Negative
60,Data Scientist - QuantumBlack,McKinsey & Company,Bengaluru,Karnataka,Not mentioned,"['Manufacturing', 'Git', 'Communication skills', 'Analytics', 'R', 'Doctoral degree', ""Bachelor's degree""]",3.9,3.8,3.4,4.4,4.1,3.7,3.9,4.1,4,Scientist,3.9,0,Negative
61,Intern,IBM,Bengaluru,Karnataka,Full-time,"['Java', ""Master's degree""]",4,3.9,3.6,4.4,4.2,3.8,4,4.1,4,Intern,4,0.9927,Positive
62,Associate Software Engineer,Revonextsoft,Bengaluru,Karnataka,Full-time | Part-time | Internship,"['Software testing', 'C++', 'OOP', 'C', 'Distributed systems', ""Bachelor's degree"", ""Master's degree""]",4.1,4,3.7,4.4,4.3,3.8,4.1,4.2,4.1,Associate,4.1,0.4404,Negative
63,Data Science Specialist,Accenture,India,India,Full-time,"['VBA', 'Microsoft Excel', 'Microsoft Powerpoint', 'Natural language processing', 'Deep learning']",4.1,4,3.8,4.4,4.3,3.8,4.1,4.2,4.1,Scientist,4.1,0.9808,Positive
64,Data Scientist,Astrotech Labs,Remote,Remote,Full-time,"['Communication skills', 'APIs', 'Python', 'Statistics', ""Bachelor's degree"", ""Master's degree""]",3.9,3.8,3.4,4.4,4.1,3.7,3.9,4.1,4,Scientist,3.9,0.4404,Negative
65,"Intern, Data Science",Micron,Hyderabad,Telangana,Internship,"['Data mining', 'Data science']",3.9,3.6,3.4,4.3,4.2,3.9,3.9,4.1,3.7,Intern,3.9,0.9601,Positive
66,Data Science Intern,Ganit,Chennai,Tamil Nadu,Internship,"['SQL', 'Microsoft Excel', 'Predictive analytics', 'R', 'Python', ""Bachelor's degree"", ""Master's degree""]",4.1,3,4,4,5,4,4,5,4,Intern,4.1,0.9001,Positive
67,Data Scientist(FromNIT/IIT),Headstart Manpower Consultants,Bengaluru,Karnataka,Full-time,"['Machine learning', 'Data science', 'AI', ""Bachelor's degree"", ""Master's degree""]",3.9,3.8,3.4,4.4,4.1,3.7,3.9,4.1,4,Scientist,3.9,0,Negative
68,Data Analyst,Nielsen,Kochi,Kerala,Full-time,"['SQL', 'Spark', 'Pandas', 'Pricing', 'Communication skills', ""Bachelor's degree"", ""Master's degree""]",3.5,3.4,3,4,3.8,3.3,3.6,3.8,3.4,Analyst,3.5,-0.2748,Negative
69,DXC IT Expert ServiceDesk-L1 Agent_Backfill_2,DXC Technology,Bengaluru,Karnataka,Full-time,"['Analysis skills', ""Bachelor's degree""]",4,3.9,3.6,4.4,4.2,3.8,3.9,4.1,3.9,Other,4,0.4404,Negative
70,Data science,Ultrafly Solutions Private Limited,Chennai,Tamil Nadu,Full-time,"['Data modeling', 'SQL', 'Spark', 'CRM software', 'Hadoop']",3.9,3.8,3.4,4.4,4.1,3.7,3.9,4.1,4,Scientist,3.9,0,Negative
71,Python Programming Language Data Science Practitioner,Accenture,Hyderabad,Telangana,Full-time,"['Analysis skills', 'SQL', 'Windows', 'Scrum', 'Communication skills', ""Bachelor's degree""]",4.1,4,3.8,4.4,4.3,3.8,4.1,4.2,4.1,Scientist,4.1,0.9808,Positive
72,Data Science Internship,Oracuz Infotech Pvt Ltd,Thiruvananthapuram,Kerala,Full-time | Internship | New-Grad,"['Tableau', 'Natural language processing', 'R', 'Machine learning', 'Python', ""Bachelor's degree""]",3.9,3.6,3.5,4.4,4.4,3.6,3.8,4.1,3.7,Intern,3.9,0,Negative
73,Data Science Intern,prwatech technologies,Bengaluru,Karnataka,Full-time,"['Azure', 'SQL', 'Python', 'AWS', 'Data science']",3.9,3.6,3.5,4.4,4.4,3.6,3.8,4.1,3.7,Intern,3.9,0,Negative
74,Data Analyst,Osool,Hyderabad,Telangana,Full-time,"['Power BI', 'Communication skills', 'Microsoft Office', 'Database design', 'Organizational skills', ""Bachelor's degree""]",3.9,3.9,3.4,4.4,4.1,3.7,3.9,4,4.1,Analyst,3.9,0,Negative
75,SAP MII Consultant,Infosys Limited,Pune,Maharashtra,Not mentioned,"[""Bachelor's degree"", ""Master's degree""]",4,3.8,3.7,4.4,4.2,3.5,4,4.2,4,Consultant,4,0.8176,Positive
76,Package Consultant: SAP EIM,IBM,Bengaluru,Karnataka,Full-time,"['Unit testing', 'Team management', 'SAP', 'Integration testing', 'Business requirements']",4,3.9,3.6,4.4,4.2,3.8,4,4.1,4,Consultant,4,0.9927,Positive
77,Software Engineer II - Advertising Systems - Enterprise,Indeed,Hyderabad,Telangana,Full-time,"['C++', 'C', 'Python', 'Java', ""Bachelor's degree""]",4.4,4.7,3.5,4.8,4.3,4.3,4.3,4.5,4.6,Engineer,4.4,-0.1779,Negative
78,Data Science Engineer,Tuebora,Bengaluru,Karnataka,Not mentioned,"['Machine learning', 'Python', 'Data science', 'Natural language processing', 'AI']",4.1,4.1,3.5,4.4,4.2,4,4.1,4.2,4.2,Engineer,4.1,0.4404,Negative
79,"Software Engineer III, Learning & Education",Google,Bengaluru,Karnataka,Full-time,"['Distributed systems', 'System design', 'Natural language processing', 'AI', 'Software development', ""Bachelor's degree"", ""Master's degree"", 'Doctoral degree']",4.2,4.3,3.6,4.5,4.2,4.2,4.3,4.2,4.3,Engineer,4.2,0.9806,Positive
80,Sr. Data Scientist,Lotus Interworks Inc,Kochi,Kerala,Full-time | Temporary | Contract,"['Data modeling', 'SQL', 'Stata', 'Data visualization', 'Apache']",3.9,3.8,3.4,4.4,4.1,3.7,3.9,4.1,4,Scientist,3.9,0,Negative
81,Associate Project Manager - Value Access & HEOR - India,Syneos Health Clinical,Gurgaon,Haryana,Not mentioned,"['Project management', 'Leadership', 'Microsoft Powerpoint', 'Microsoft Word', 'Doctoral degree']",4.1,4,3.7,4.4,4.3,3.8,4.1,4.2,4.1,Associate,4.1,0.4404,Negative
82,Data Engineer: Business Intelligence,IBM,Mumbai,Maharashtra,Full-time,"['Agile', 'SQL', 'Tableau', 'Databases', 'Data warehouse', ""Master's degree""]",4,3.9,3.6,4.4,4.2,3.8,4,4.1,4,Engineer,4,0.9927,Positive
83,Manager - Data Science,Amex,Bengaluru,Karnataka,Not mentioned,"['Analysis skills', 'Communication skills', 'Machine learning', 'Statistics', 'Data mining', ""Master's degree""]",4.2,4.1,3.7,4.5,4.3,4,4.2,4.2,4.2,Manager,4.2,0.4404,Negative
84,Data Analyst,Maruti Suzuki India Ltd,New Delhi,Delhi,Full-time,"['SQL', 'Apache Hive', 'SAS', 'Data collection', 'Marketing', ""Bachelor's degree"", ""Master's degree""]",3.9,3.9,3.4,4.4,4.1,3.7,3.9,4,4.1,Analyst,3.9,0,Negative
85,Software Engineer Trainee - Machine Learning,Feathersoft,Kochi,Kerala,Not mentioned,"['TensorFlow', 'C++', 'Analysis skills', 'PyTorch', 'C', ""Bachelor's degree"", ""Master's degree""]",4.1,4.1,3.5,4.4,4.2,4,4.1,4.2,4.2,Engineer,4.1,0.4404,Negative
86,Data Analyst,Grab,Bengaluru,Karnataka,Full-time,"['SQL', 'SAS', 'Tableau', 'MySQL', 'Fraud']",3.9,3.9,3.4,4.4,4.1,3.7,3.9,4,4.1,Analyst,3.9,0,Negative
87,Analytics & Data Science,Kpro Solutions,Bengaluru,Karnataka,Not mentioned,"['SPSS', 'SQL', 'Hadoop', 'Spark', 'R']",3.9,3.9,3.4,4.4,4.1,3.7,3.9,4,4.1,Analyst,3.9,0,Negative
88,Associate Data Analytics,Merkle,Pune,Maharashtra,New-Grad,"['Power BI', 'SQL', 'R', 'Python', 'Tableau', ""Bachelor's degree""]",3.7,3.5,3.5,4.3,4,2.9,3.5,3.7,4,Associate,3.7,0.9758,Positive
89,Trainee - Junior Data Analyst,Cognizant,Coimbatore,Tamil Nadu,Full-time,"['Data entry', ""Bachelor's degree"", ""Master's degree""]",4,3.9,3.8,4.4,4.2,3.6,4,4.2,4,Analyst,4,-0.6862,Negative
90,Industry X - Software Engineering - Data Science - 11,Accenture,Bengaluru,Karnataka,Full-time,"['TensorFlow', 'Azure', 'Forecasting', 'Data science']",4.1,4,3.8,4.4,4.3,3.8,4.1,4.2,4.1,Engineer,4.1,0.9808,Positive
91,Data Scientist - Support,Tookitaki Holding PTE LTD,Bengaluru,Karnataka,Not mentioned,"['Analysis skills', 'SQL', 'Spark', 'Predictive analytics', 'Communication skills']",3.9,3.8,3.4,4.4,4.1,3.7,3.9,4.1,4,Scientist,3.9,0,Negative
92,Data Engineer,Happymonk Technology Pvt Ltd,Bengaluru,Karnataka,Full-time,"['Analysis skills', 'Image processing', 'SQL', 'Database design', 'C++', ""Master's degree""]",4.1,4.1,3.5,4.4,4.2,4,4.1,4.2,4.2,Engineer,4.1,0.4404,Negative
93,Analyst - Data Science,Nuware Systems,Bengaluru,Karnataka,Not mentioned,"['Communication skills', 'SQL', 'R', 'Investment banking', 'Microsoft Excel', ""Bachelor's degree"", ""Master's degree""]",3.9,3.9,3.4,4.4,4.1,3.7,3.9,4,4.1,Analyst,3.9,0,Negative
94,Data Scientist,IBM,Bengaluru,Karnataka,Full-time,"['PyTorch', 'Application development', 'Deep learning', 'TensorFlow', 'Analytics', ""Master's degree""]",4,3.9,3.6,4.4,4.2,3.8,4,4.1,4,Scientist,4,0.9927,Positive
95,Data Scientist,Equinix,Bengaluru,Karnataka,Full-time,"['Project management', 'Analysis skills', 'Data modeling', 'SQL', 'Tableau', ""Bachelor's degree"", ""Master's degree""]",4,4.1,3.4,4.6,4.1,4.1,3.9,4,3.9,Scientist,4,0.9603,Positive
96,Software Developer,IBM,Bengaluru,Karnataka,Full-time,"['J2EE', 'React', 'SOAP', 'REST', 'Struts', ""Master's degree""]",4,3.9,3.6,4.4,4.2,3.8,4,4.1,4,Developer,4,0.9927,Positive
97,Data Analyst,Atrina technologies,Mumbai,Maharashtra,Full-time,"['Power BI', 'Relational databases', 'Tableau', 'Communication skills', 'Business requirements', ""Bachelor's degree""]",3.9,3.9,3.4,4.4,4.1,3.7,3.9,4,4.1,Analyst,3.9,0,Negative
98,Data Analyst,LatentView,Chennai,Tamil Nadu,Not mentioned,"['Power BI', 'SQL', 'Predictive analytics', 'Tableau', 'Presentation skills', ""Bachelor's degree""]",3.9,3.9,3.4,4.4,4.1,3.7,3.9,4,4.1,Analyst,3.9,0,Negative
99,Data Science & Data Engineering Intern ( Female Only ),Instrovate Technologies,Delhi,Delhi,Full-time | Internship | New-Grad,"['Azure', 'Communication skills', 'Machine learning', 'AWS', 'Data science', ""Bachelor's degree""]",3.9,3.6,3.5,4.4,4.4,3.6,3.8,4.1,3.7,Intern,3.9,0,Negative
100,Associate Data Scientist,Shell,Bengaluru,Karnataka,Full-time,"['Power BI', 'Azure', 'Sentiment analytics', 'Pricing', 'Alteryx']",4,4,3.6,4.3,4.2,4,4,4.2,3.9,Associate,4,0.9052,Positive
101,"Software Engineer, Google Cloud",Google,Bengaluru,Karnataka,Full-time,"['System design', 'Natural language processing', 'C++', 'C', 'Distributed systems', 'Doctoral degree', ""Bachelor's degree"", ""Master's degree""]",4.2,4.3,3.6,4.5,4.2,4.2,4.3,4.2,4.3,Engineer,4.2,0.9806,Positive
102,Associate Software Engineer,BOEING,Bengaluru,Karnataka,Not mentioned,"['Unit testing', 'Analysis skills', 'Azure', 'Spark', 'Node.js', ""Bachelor's degree"", ""Master's degree""]",4,3.9,3.6,4.3,4.2,4,3.9,4.1,3.8,Associate,4,-0.8625,Negative
103,RUBY ON RAILS DEVELOPER (IN),Renesent,Mumbai,Maharashtra,Full-time,"['CSS', 'Ruby on Rails', 'SVN', 'Git', 'Software troubleshooting', ""Bachelor's degree""]",4,3.9,3.6,4.5,4.2,3.5,3.9,4.1,4.2,Developer,4,0.4404,Negative
104,Machine Learning Engineer,Samsung Electro-Mechanics,Bengaluru,Karnataka,Full-time,"['TensorFlow', 'C++', 'Computer vision', 'Machine learning', 'Python', ""Bachelor's degree"", 'Doctoral degree', ""Master's degree""]",3.9,3.7,3.7,4.4,4.2,3.8,3.9,4,4,Engineer,4,0.8814,Positive
105,Full Stack Developer - DotNet/Angular/SQL,TechZavy,Chennai,Tamil Nadu,Full-time,"['Web development', 'Azure', 'SQL', 'Entity Framework', 'Visual Studio', ""Bachelor's degree""]",4,3.9,3.6,4.5,4.2,3.5,3.9,4.1,4.2,Developer,4,0.4404,Negative
106,Python Engineering Manager (Survey Support & Tools),Numerator,Vadodara,Gujarat,Full-time,"['REST', 'SQL', 'NoSQL', 'PHP', 'UNIX', 'Doctoral degree', ""Bachelor's degree"", ""Master's degree""]",3.6,3.3,2.7,4.3,4.7,3,4,3.3,3.3,Manager,3.6,0.765,Positive
107,Associate Scientist - Microbiology,Colgate-Palmolive,Mumbai,Maharashtra,Not mentioned,"['Spring', 'Laboratory experience', 'Microbiology', 'Quality systems', 'AJAX', ""Master's degree""]",4.2,4.2,3.9,4.4,4,4.1,4.1,4.2,4.3,Associate,4.2,0.7964,Positive
108,Software Developer Intern,Discover Dollar,Remote,Remote,Internship,"['React', 'CSS', 'SQL', 'Node.js', 'NoSQL', ""Bachelor's degree""]",3.9,3.6,3.5,4.4,4.4,3.6,3.8,4.1,3.7,Intern,3.9,0,Negative
109,data scientist (3 - 6 years),CRED,Bengaluru,Karnataka,Full-time,"['Scala', 'Machine learning', 'Python', 'Data mining', 'Data science']",4.1,3,3,4,5,3,5,5,5,Scientist,4.1,0.7351,Positive
110,Clinical Data Manager,Mercurymentors,Bengaluru,Karnataka,Full-time,"['Project management', 'Clinical research', ""Bachelor's degree"", ""Master's degree""]",4.2,4.1,3.7,4.5,4.3,4,4.2,4.2,4.2,Manager,4.2,0.4404,Negative
111,"Software Engineer II, C, C++, Unix - Payment",Mastercard,Pune,Maharashtra,Full-time,"['UNIX', 'C++', 'Analysis skills', 'Communication skills', 'Information security', ""Bachelor's degree""]",4.1,4,3.8,4.3,4.1,4.2,3.9,4,4.4,Engineer,4.1,0.9678,Positive
112,Med Surv Specialist 1,IQVIA,Bengaluru,Karnataka,Full-time,"['Word processing', 'Analysis skills', 'Communication skills', 'Data management', 'Computer skills', ""Bachelor's degree""]",4.2,4.1,3.9,4.7,4.5,4,4,4.4,4,Other,4.2,0.9325,Positive
113,Data Scientist,Hypersonix Inc.,Bengaluru,Karnataka,Full-time,"['SQL', 'PyTorch', 'Pandas', 'Machine learning', 'Python', ""Bachelor's degree"", ""Master's degree""]",3.9,3.8,3.4,4.4,4.1,3.7,3.9,4.1,4,Scientist,3.9,0,Negative
114,Data Engineer: Data Integration,IBM,Mumbai,Maharashtra,Full-time,"['UNIX', 'Agile', 'Blueprint reading', 'Ab Initio', 'Shell Scripting', ""Master's degree""]",4,3.9,3.6,4.4,4.2,3.8,4,4.1,4,Engineer,4,0.9927,Positive
115,"Transformation Lead, Healthcare and Data Science",Bosch Group,Bengaluru,Karnataka,Full-time,"['Project management', 'Communication skills', 'Marketing', 'Data science', ""Master's degree""]",4,3.9,3.4,4.4,4.2,3.7,4,4.2,4,Scientist,4,0,Negative
116,"Associate Data Analyst - Bangalore, KA",Optum,Bengaluru,Karnataka,Full-time,"['Analytics', 'Statistical software', 'Data science', 'Business intelligence']",4.2,4.2,4,4.8,4.4,3.9,4.1,4.1,4.2,Associate,4.2,0.9747,Positive
117,Data Scientist Intern,PAGO Analytics,Hyderabad,Telangana,Full-time | Internship,"['SQL', 'SAS', 'Analytics', 'R', 'Machine learning', ""Bachelor's degree"", ""Master's degree""]",3.9,3.6,3.5,4.4,4.4,3.6,3.8,4.1,3.7,Intern,3.9,0,Negative
118,Test Specialist: Custom Applications,IBM,Bengaluru,Karnataka,Full-time,"['Analysis skills', 'Relational databases', 'Agile', 'Test cases', 'SQL', ""Master's degree""]",4,3.9,3.6,4.4,4.2,3.8,4,4.1,4,Other,4,0.9927,Positive
119,Data Science Lead,D Cube Analytics,Bengaluru,Karnataka,Not mentioned,"['Deep learning', 'TensorFlow', 'C++', 'C', 'Machine learning', 'Doctoral degree', ""Master's degree""]",3.9,3.8,3.4,4.4,4.1,3.7,3.9,4.1,4,Scientist,3.9,0,Negative
120,Clinical Data Manager,Novartis,Hyderabad,Telangana,Full-time,"['Data management', 'FDA regulations', ""Bachelor's degree""]",4,3.8,3.6,4.3,4.2,3.9,4,4.2,4.1,Manager,4,0.4404,Negative
121,Data Analyst,Rystad Energy,Bengaluru,Karnataka,Full-time,"['SQL', '.NET', 'Database design', 'Machine learning', 'Python', ""Bachelor's degree"", ""Master's degree""]",3.9,3.9,3.4,4.4,4.1,3.7,3.9,4,4.1,Analyst,3.9,0,Negative
122,Data Analyst,Pressman Advertising Ltd,Pune,Maharashtra,Full-time,"['Power BI', 'SQL', 'Spark', 'Tableau', 'Business analysis', ""Bachelor's degree""]",3.9,3.9,3.4,4.4,4.1,3.7,3.9,4,4.1,Analyst,3.9,0,Negative
123,Data Scientist,Draup,Bengaluru,Karnataka,Full-time,"['Software deployment', 'PyTorch', 'Spark', 'NumPy', 'Pandas', ""Bachelor's degree"", ""Master's degree""]",3.9,3.8,3.4,4.4,4.1,3.7,3.9,4.1,4,Scientist,3.9,0,Negative
124,Data Scientists,Xtage Labs,India,India,Not mentioned,"['Power BI', 'Communication skills', 'R', 'Python', 'Tableau']",3.9,3.8,3.4,4.4,4.1,3.7,3.9,4.1,4,Scientist,3.9,0,Negative
125,Analyst - Tech Consulting - National - Data & Analytics - Chennai,EY,Chennai,Tamil Nadu,Full-time,"['OOP', 'Communication skills', 'SAP', 'Negotiation', ""Bachelor's degree""]",3.9,3.5,3.8,4.4,4.3,3.4,3.9,4.1,3.7,Consultant,3.9,0.9535,Positive
126,"Analyst, Data Science & Analytics",TransUnion,Pune,Maharashtra,Full-time,"['Communication skills', 'SQL', 'R', 'Data science']",4,4,3.5,4.5,4.1,3.9,4.1,4.3,3.9,Analyst,4,-0.783,Negative
127,Principal Software Engineer - Lab support,Dell Technologies,India,India,Full-time,"['vCenter', 'ESXi', 'OSPF', 'BGP', 'CCNP', ""Bachelor's degree""]",3.9,3.8,3.4,4.3,4.1,3.9,3.8,4,3.9,Engineer,3.9,0.6143,Positive
128,Technical Product Manager - Indeed Apply(Resilience),Indeed,India,India,Full-time,"['DynamoDB', 'GraphQL', 'Product management', 'NoSQL', 'Leadership', ""Bachelor's degree""]",4.4,4.7,3.5,4.8,4.3,4.3,4.3,4.5,4.6,Manager,4.4,-0.1779,Negative
129,uReturn -Software Engineer / System Engineer / Data Engineer,Uber,Hyderabad,Telangana,Full-time,"['Android Development', 'iOS', 'CSS', 'SQL', 'Spark', ""Bachelor's degree""]",4.3,4.3,3.8,4.5,4.5,3.9,4.3,4.7,4.3,Engineer,4.3,0.7774,Positive
130,Data Scientist,Hewlett Packard Enterprise,Bengaluru,Karnataka,Full-time,"['Statistical analysis', 'Web services', 'D3.js', 'SQL', 'TensorFlow', ""Bachelor's degree"", ""Master's degree""]",3.9,3.8,3.4,4.4,4.1,3.7,3.9,4.1,4,Scientist,3.9,0,Negative
131,"Software Engineer III, Silicon",Google,Bengaluru,Karnataka,Full-time,"['Distributed systems', 'System design', 'Natural language processing', 'AI', 'Software development', ""Bachelor's degree"", ""Master's degree"", 'Doctoral degree']",4.2,4.3,3.6,4.5,4.2,4.2,4.3,4.2,4.3,Engineer,4.2,0.9806,Positive
132,Decision Scientist II,Uber,Bengaluru,Karnataka,Full-time,"['SQL', 'SAS', 'A/B testing', 'MATLAB', 'Agile', ""Bachelor's degree"", ""Master's degree""]",4.3,4.3,3.8,4.5,4.5,3.9,4.3,4.7,4.3,Scientist,4.3,0.7774,Positive
133,SQL Server Database Administrator I,"APEX Analytix, LLC",India,India,Full-time,"['Microsoft Windows Server', 'SQL', 'Disaster recovery', 'High availability', 'Microsoft SQL Server', ""Bachelor's degree""]",4,3.9,3.6,4.4,4.2,3.8,4,4.1,4,Administrator,4,0.4404,Negative
134,Subject Matter Expert (SME) - Data Analytics,Trivium Education Services Pvt. Ltd.,Delhi,Delhi,Part-time | Temporary | Contract,"['SQL', 'Microsoft Excel', 'Tableau', 'Data analytics', 'Communication skills', ""Bachelor's degree"", ""Master's degree""]",3.9,3.9,3.4,4.4,4.1,3.7,3.9,4,4.1,Analyst,3.9,0,Negative
135,Software Development Engineer - Intern (Platform Engineering Team),Redhunt Labs Limited,Remote,Remote,Part-time | Internship | New-Grad,"['Relational databases', 'C++', 'OOP', 'C', 'Python', ""Bachelor's degree"", ""Master's degree""]",3.9,3.6,3.5,4.4,4.4,3.6,3.8,4.1,3.7,Intern,3.9,0,Negative
136,( Pyspark ) Data Scientist,EY,Bengaluru,Karnataka,Full-time,"['Azure', 'SQL', 'SAS', 'Communication skills', 'R', ""Bachelor's degree"", 'Doctoral degree', ""Master's degree""]",3.9,3.5,3.8,4.4,4.3,3.4,3.9,4.1,3.7,Scientist,3.9,0.9535,Positive
137,Business Analyst - Data Science,PayU,Bengaluru,Karnataka,Full-time,"['SQL', 'PCI', 'Analytics', 'R', 'Machine learning']",3.4,4,2,5,3,3,3,2,5,Analyst,3.4,0.8043,Positive
138,"Data Analyst, Global Trade",ASSPLKarnataka,Bengaluru,Karnataka,Full-time,"['Communication skills', 'SQL', 'R', 'Microsoft Excel', 'Python', ""Bachelor's degree""]",3.9,3.9,3.4,4.4,4.1,3.7,3.9,4,4.1,Analyst,3.9,0,Negative
139,Polymer Chemist,appasamy.com,Chennai,Tamil Nadu,Full-time,"['Research & development', ""Bachelor's degree""]",4,3.9,3.6,4.4,4.2,3.8,3.9,4.1,3.9,Other,4,0.4404,Negative
140,Data Scientist,Talent Corner,Mumbai,Maharashtra,Full-time,"['Predictive analytics', 'Pandas', 'MySQL', 'Git', 'APIs']",3.9,3.8,3.4,4.4,4.1,3.7,3.9,4.1,4,Scientist,3.9,0,Negative
141,Data Engineer: Big Data,IBM,Bengaluru,Karnataka,Full-time,"['Project management', 'Continuous integration', 'Azure', 'SQL', 'Spark', ""Master's degree""]",4,3.9,3.6,4.4,4.2,3.8,4,4.1,4,Engineer,4,0.9927,Positive
142,Data Scientist - AADS Team,Eli Lilly,Bengaluru,Karnataka,Full-time,"['SQL', 'Predictive analytics', 'Natural language processing', 'Communication skills', 'R', ""Master's degree""]",3.9,3.8,3.4,4.4,4.1,3.7,3.9,4.1,4,Scientist,3.9,0,Negative
143,Data Analyst,Bombay Play,Bengaluru,Karnataka,Full-time,"['SQL', 'Statistical software', 'C++', 'Communication skills', 'Analytics']",3.9,3.9,3.4,4.4,4.1,3.7,3.9,4,4.1,Analyst,3.9,0,Negative
144,Data Science - Team Lead,LSEG (London Stock Exchange Group),Bengaluru,Karnataka,Full-time,['Data science'],3.9,3.8,3.4,4.4,4.1,3.7,3.9,4.1,4,Scientist,3.9,0,Negative
145,Data Scientist,PADMASAI FINANCE PRIVATE LIMITED,Hyderabad,Telangana,Full-time,"['Statistical analysis', 'MySQL', 'Machine learning', 'JavaScript', 'Python', ""Bachelor's degree""]",3.9,3.8,3.4,4.4,4.1,3.7,3.9,4.1,4,Scientist,3.9,0,Negative
146,Data Science,ITC Infotech India Ltd,Bengaluru,Karnataka,Not mentioned,"['Image processing', 'SQL', 'Microsoft Powerpoint', 'Natural language processing', 'Deep learning', ""Bachelor's degree"", ""Master's degree""]",3.9,3.8,3.4,4.4,4.1,3.7,3.9,4.1,4,Scientist,3.9,0.7579,Positive
147,Data & Applied Scientist 2,Microsoft,Bengaluru,Karnataka,Full-time,"['Azure', '.NET', 'Data collection', 'C++', 'C', ""Bachelor's degree"", ""Master's degree""]",4,4,3.5,4.3,4.1,3.9,4.2,4.1,4.1,Scientist,4,0,Negative
148,Software Engineer,Mastercard,Pune,Maharashtra,Full-time,"['Unit testing', 'Information security', 'Jenkins', 'SQL', 'Jira', ""Bachelor's degree""]",4.1,4,3.8,4.3,4.1,4.2,3.9,4,4.4,Engineer,4.1,0.9678,Positive
149,Java Developer (Freshers),MechiSpike Solutions,Bengaluru,Karnataka,New-Grad,"['OOP', 'Data management', 'Java', ""Bachelor's degree""]",4,3.9,3.6,4.5,4.2,3.5,3.9,4.1,4.2,Developer,4,0.4404,Negative
150,Python Developer,YGK Technologies,Bengaluru,Karnataka,Full-time | New-Grad,"['Flask', 'Django', 'JavaScript', 'Python', 'HTML5', ""Bachelor's degree""]",4,3.9,3.6,4.5,4.2,3.5,3.9,4.1,4.2,Developer,4,0.4404,Negative
151,Reporting and Analytics Data Science Practitioner,Accenture,Bengaluru,Karnataka,Full-time,"['Analysis skills', 'Data modeling', 'SQL', 'SAS', 'Database design', ""Bachelor's degree""]",4.1,4,3.8,4.4,4.3,3.8,4.1,4.2,4.1,Analyst,4.1,0.9808,Positive
152,Artificial Intelligence Internship,Evolve robot Lab,Chennai,Tamil Nadu,Full-time | Part-time | Internship | New-Grad,"['Arduino', 'MATLAB', 'Raspberry Pi', 'Data science', 'AI', ""Bachelor's degree""]",3.9,3.6,3.5,4.4,4.4,3.6,3.8,4.1,3.7,Intern,3.9,0,Negative
153,"Python Team Lead, Engineering (Data Sources)",Numerator,Vadodara,Gujarat,Full-time,"['SQL', 'NoSQL', 'TCP', 'UNIX', 'TCP/IP', ""Bachelor's degree""]",3.6,3.3,2.7,4.3,4.7,3,4,3.3,3.3,Engineer,3.6,0.765,Positive
154,BCA Internship,Unicoder,Bengaluru,Karnataka,Internship,"['React', 'Node.js', 'Natural language processing', 'PHP', 'Django', ""Bachelor's degree""]",3.9,3.6,3.5,4.4,4.4,3.6,3.8,4.1,3.7,Intern,3.9,0,Negative
155,"Software Engineer III, Engineering Productivity, Google Cloud",Google,Bengaluru,Karnataka,Full-time,"['Distributed systems', 'Test automation', 'System design', 'Google Cloud Platform', 'Natural language processing', ""Bachelor's degree"", ""Master's degree"", 'Doctoral degree']",4.2,4.3,3.6,4.5,4.2,4.2,4.3,4.2,4.3,Engineer,4.2,0.9806,Positive
156,Junior Python Developer / Senior Python Developer in Bangalore,Five Feed Learning Solutions Pvt. Ltd.,Bengaluru,Karnataka,New-Grad,"['Analysis skills', 'Communication skills', 'Django', 'Machine learning', 'Python']",4,3.9,3.6,4.5,4.2,3.5,3.9,4.1,4.2,Developer,4,0.4404,Negative
157,Sr. Java Developer,Calyx,Hyderabad,Telangana,Full-time,"['Struts', 'UI design', 'FDA regulations', 'Hibernate', 'Medical imaging', ""Bachelor's degree""]",4,3.9,3.6,4.5,4.2,3.5,3.9,4.1,4.2,Developer,4,0.4404,Negative
158,"Software Engineer, Front End, Google Cloud",Google,Bengaluru,Karnataka,Full-time,"['Full-stack development', 'System design', 'Natural language processing', 'C++', 'APIs', 'Doctoral degree', ""Bachelor's degree"", ""Master's degree""]",4.2,4.3,3.6,4.5,4.2,4.2,4.3,4.2,4.3,Engineer,4.2,0.9806,Positive
159,Career Restart - Software Engineer 2,Dell Technologies,Bengaluru,Karnataka,Full-time,"['openSUSE', 'Analysis skills', 'vCenter', 'Embedded software', 'VMWare', ""Bachelor's degree""]",3.9,3.8,3.4,4.3,4.1,3.9,3.8,4,3.9,Engineer,3.9,0.6143,Positive
160,Data & Analytics Analyst,NatWest Group,Gurgaon,Haryana,Full-time,"['Communication skills', 'Agile', 'Analytics', 'Data management', 'Scrum']",4.9,4.8,4.9,4.8,4.8,5,4.9,4.9,4.9,Analyst,4.9,0.7717,Positive
161,Data Analyst (Statistician),BuzzBoard,Remote,Remote,Full-time,"['Analysis skills', 'SQL', 'SAS', 'SPSS', 'XML', ""Bachelor's degree""]",3.9,3.9,3.4,4.4,4.1,3.7,3.9,4,4.1,Analyst,3.9,0,Negative
162,Management Trainee_Data Scientist,Genpact,Bengaluru,Karnataka,Full-time,"['Analysis skills', 'Azure', 'SQL', 'Negotiation', 'Visual Studio', ""Bachelor's degree"", ""Master's degree""]",4.1,3.9,3.8,4.6,4.4,3.8,4.1,4.3,4.1,Scientist,4.1,0.9393,Positive
163,Pega Developer,Infosys Limited,Bhubaneshwar,Orissa,Not mentioned,"['Process management', 'Pegasystems', 'Java', ""Bachelor's degree"", ""Master's degree""]",4,3.8,3.7,4.4,4.2,3.5,4,4.2,4,Developer,4,0.8176,Positive
164,Data Scientist,TVS Next,Chennai,Tamil Nadu,Full-time,"['SQL', 'VBA', 'Microsoft Excel', 'Tableau', 'Financial services', ""Bachelor's degree""]",3.9,3.8,3.4,4.4,4.1,3.7,3.9,4.1,4,Scientist,3.9,0,Negative
165,Junior Data Scientist,EBIW Info Analytics Pvt ltd,Kolkata,West Bengal,Full-time,"['SQL', 'Tableau', 'Presentation skills', 'Product development', 'Communication skills', ""Bachelor's degree""]",3.9,3.8,3.4,4.4,4.1,3.7,3.9,4.1,4,Scientist,3.9,0,Negative
166,Celonis Developer,Infosys Limited,Hyderabad,Telangana,Not mentioned,"[""Bachelor's degree"", ""Master's degree""]",4,3.8,3.7,4.4,4.2,3.5,4,4.2,4,Developer,4,0.8176,Positive
167,Technical Expert - Industrial Data Science,Siemens,Bengaluru,Karnataka,Full-time | Internship,"['Statistical analysis', 'Mechanical engineering', 'C++', 'Scala', 'C', ""Bachelor's degree""]",4,3.9,3.6,4.4,4.2,3.9,4,4.2,4,Scientist,4,0.6801,Positive
168,Data Scientist,OneWorld Logistics Pvt. Ltd.,Mumbai,Maharashtra,Full-time,"['SQL', 'C++', 'Product development', 'Scala', 'R', ""Bachelor's degree""]",3.9,3.8,3.4,4.4,4.1,3.7,3.9,4.1,4,Scientist,3.9,0,Negative
169,Data Science,GadgEon,Kochi,Kerala,Not mentioned,"['TensorFlow', 'C++', 'Image processing', 'Computer vision', 'PyTorch']",3.9,3.8,3.4,4.4,4.1,3.7,3.9,4.1,4,Scientist,3.9,0,Negative
170,Data Scientist,BEIING,Delhi,Delhi,Full-time,"['R', 'Machine learning', 'Python', 'Data science', 'AI', ""Bachelor's degree"", ""Master's degree""]",3.9,3.8,3.4,4.4,4.1,3.7,3.9,4.1,4,Scientist,3.9,0,Negative
171,Software Developer Trainee with PPO,Yeag Technology,Remote,Remote,Internship | New-Grad,"['SQL', 'Hibernate', 'Spring', 'JSP', 'Machine learning', ""Bachelor's degree""]",4,3.9,3.6,4.5,4.2,3.5,3.9,4.1,4.2,Developer,4,0.4404,Negative
172,Data Analyst,S&P Global,Bengaluru,Karnataka,Full-time,"['Power BI', 'SQL', 'Tableau', 'NumPy', 'Pandas', ""Bachelor's degree""]",3.9,3.9,3.4,4.4,4.1,3.7,3.9,4,4.1,Analyst,3.9,0,Negative
173,Associate Consultant - Data Visualization,KPMG,Bengaluru,Karnataka,Not mentioned,"['Power BI', 'D3.js', 'Data modeling', 'Azure', 'SQL', ""Bachelor's degree""]",4,3.9,3.9,4.4,4.2,3.9,4,4.1,4,Associate,4,0.9552,Positive
174,Associate Scientist - GMP,Eli Lilly,Bengaluru,Karnataka,Full-time,"['Project management', 'Analysis skills', 'Microsoft Excel', 'Computer skills', 'Microsoft Powerpoint', ""Bachelor's degree"", ""Master's degree""]",4.1,4,3.7,4.4,4.3,3.8,4.1,4.2,4.1,Associate,4.1,0.4404,Negative
175,Data Scientist,Shell,Bengaluru,Karnataka,Not mentioned,"['Analysis skills', 'Communication skills', 'Analytics', 'R', 'Python', ""Master's degree""]",4,4,3.6,4.3,4.2,4,4,4.2,3.9,Scientist,4,0.9052,Positive
176,Data Scientist,Dyson,Bengaluru,Karnataka,Not mentioned,"['SQL', 'PyTorch', 'Shell Scripting', 'SciPy', 'Data visualization', ""Bachelor's degree""]",3.4,3.4,3.1,3.7,3.3,3.4,3.1,3.6,3.4,Scientist,3.4,0.9069,Positive
177,Trainee - Tech Consulting - National - Data & Analytics - Gurgaon,EY,Gurgaon,Haryana,Full-time,"['OOP', 'Communication skills', 'SAP', 'Negotiation', ""Bachelor's degree""]",3.9,3.5,3.8,4.4,4.3,3.4,3.9,4.1,3.7,Consultant,3.9,0.9535,Positive
178,Data Analyst,Happay,Bengaluru,Karnataka,Full-time,"['SQL', 'Technical writing', 'Microsoft Excel', 'Statistics', 'Scalability', ""Bachelor's degree""]",3.9,3.9,3.4,4.4,4.1,3.7,3.9,4,4.1,Analyst,3.9,0,Negative
179,SQL Developer,Tek-Pal LLC,Hyderabad,Telangana,Full-time,"['SQL', 'Windows', 'SSIS', 'Business intelligence', 'SSRS']",4,3.9,3.6,4.5,4.2,3.5,3.9,4.1,4.2,Developer,4,0.4404,Negative
180,Senior Data Analyst - Data Engineering/Analytics,Exusia,Bengaluru,Karnataka,Full-time,"['Data modeling', 'SAS', 'SSIS', 'Agile', 'APIs', ""Master's degree"", ""Bachelor's degree""]",1,1,1,1,1,1,1,1,1,Analyst,1,0.836,Positive
181,FreeLance - Power BI Developer,QR Solutions,Chennai,Tamil Nadu,Full-time | Contract,"['Requirements gathering', 'Power BI', 'SQL', 'Microsoft Excel', 'Database development', ""Bachelor's degree""]",4,3.9,3.6,4.5,4.2,3.5,3.9,4.1,4.2,Developer,4,0.4404,Negative
182,Data Scientist,Boston Consulting Group,Bengaluru,Karnataka,Not mentioned,"['Power BI', 'Relational databases', 'SQL', 'Tableau', 'NumPy']",3.9,3.8,3.4,4.4,4.1,3.7,3.9,4.1,4,Scientist,3.9,0,Negative
183,Dotnet Software developer with minimum 5 yrs- Job Location Abu Dhabi (UAE),Overt ideas & solutions private limited,Bengaluru,Karnataka,Full-time,"['React', 'Data modeling', 'SQL', 'Entity Framework', 'SSIS']",4,3.9,3.6,4.5,4.2,3.5,3.9,4.1,4.2,Developer,4,0.4404,Negative
184,"Senior Software Engineer, Google Cloud",Google,Bengaluru,Karnataka,Full-time,"['Distributed systems', 'System design', 'Google Cloud Platform', 'Natural language processing', 'AI', ""Bachelor's degree"", ""Master's degree"", 'Doctoral degree']",4.2,4.3,3.6,4.5,4.2,4.2,4.3,4.2,4.3,Engineer,4.2,0.9806,Positive
185,"Software Engineer III, Full Stack, Core",Google,Bengaluru,Karnataka,Full-time,"['TypeScript', 'CSS', 'Full-stack development', 'System design', 'Natural language processing', 'Doctoral degree', ""Bachelor's degree"", ""Master's degree""]",4.2,4.3,3.6,4.5,4.2,4.2,4.3,4.2,4.3,Engineer,4.2,0.9806,Positive
186,Data Scientist - Data Science,Bristlecone,Mumbai,Maharashtra,Full-time,"['Analysis skills', 'Image processing', 'Information security', 'PyTorch', 'Computer skills', ""Master's degree""]",4.1,3.5,4.1,4.7,4.3,3.5,3.7,4.5,4.1,Scientist,4.1,0,Negative
187,Data Science Interns /Python,Infimetrics,Nagpur,Maharashtra,Internship,"['C++', 'CSS', 'C', 'Machine learning', 'Python']",3.9,3.6,3.5,4.4,4.4,3.6,3.8,4.1,3.7,Intern,3.9,0,Negative
188,Intern - Software Developer,IBM,Kochi,Kerala,Full-time,"['J2EE', 'Web services', 'SOAP', 'CSS', 'SQL', ""Master's degree""]",4,3.9,3.6,4.4,4.2,3.8,4,4.1,4,Intern,4,0.9927,Positive
189,Process and Data Analyst (New Consumer Health Company),Johnson & Johnson,Bengaluru,Karnataka,Not mentioned,"['Product development', 'Communication skills', 'Agile', 'Data science', 'Software development', ""Bachelor's degree""]",3.9,3.9,3.4,4.4,4.1,3.7,3.9,4,4.1,Analyst,3.9,0,Negative
190,Data Scientist,Ripik Technology Private limited,Delhi,Delhi,Full-time,"['Power BI', 'D3.js', 'Azure', 'SQL', 'Node.js']",3.9,3.8,3.4,4.4,4.1,3.7,3.9,4.1,4,Scientist,3.9,0,Negative
191,Vendor Management Specialist,IBM,Bengaluru,Karnataka,Full-time,"['Procurement', 'Communication skills', 'Vendor management', 'Negotiation', ""Bachelor's degree""]",4,3.9,3.6,4.4,4.2,3.8,4,4.1,4,Other,4,0.9927,Positive
192,Mendix Developer,Infosys Limited,Bengaluru,Karnataka,Not mentioned,"[""Bachelor's degree"", ""Master's degree""]",4,3.8,3.7,4.4,4.2,3.5,4,4.2,4,Developer,4,0.8176,Positive
193,Data Science Consultant,Saras Analytics,Hyderabad,Telangana,Full-time,"['Analysis skills', 'SQL', 'NumPy', 'Pandas', 'Communication skills']",4,3.8,3.7,4.4,4.2,3.6,4,4.2,3.9,Consultant,4,0.4404,Negative
194,Data Science Engineer,AliveCor,Bengaluru,Karnataka,Full-time,"['SQL', 'PyTorch', 'NumPy', 'Deep learning', 'TensorFlow', ""Bachelor's degree""]",4.1,4.1,3.5,4.4,4.2,4,4.1,4.2,4.2,Engineer,4.1,0.4404,Negative
195,Data Mining Engineer -Junior,Datahut,Kochi,Kerala,Full-time,"['Python', 'Data mining', 'Data science', ""Bachelor's degree"", ""Master's degree""]",4.1,4.1,3.5,4.4,4.2,4,4.1,4.2,4.2,Engineer,4.1,0.4404,Negative
196,Data Annotator Intern,Jupiter,Bengaluru,Karnataka,Internship,"['Leadership', 'Communication skills', 'APIs', 'Jira', 'Microsoft Excel']",3.4,3,2,5,5,3,3,4,2,Intern,3.4,0.5859,Positive
197,Data Warehouse Admin,IBM,Chennai,Tamil Nadu,Full-time,"['UNIX', 'Disaster recovery', 'Data warehouse', 'DB2', 'Time management', ""Bachelor's degree"", ""Master's degree""]",4,3.9,3.6,4.4,4.2,3.8,4,4.1,4,Administrator,4,0.9927,Positive
198,Data science Developer,Financial Fabric,Kolkata,West Bengal,Full-time,"['Power BI', 'Azure', 'SQL', 'Communication skills', 'APIs', ""Bachelor's degree""]",4,3.9,3.6,4.5,4.2,3.5,3.9,4.1,4.2,Developer,4,0.4404,Negative
199,Software Developer Intern,IBM,Pune,Maharashtra,Full-time,"['J2EE', 'React', 'CSS', 'Windows', 'Node.js', ""Master's degree""]",4,3.9,3.6,4.4,4.2,3.8,4,4.1,4,Intern,4,0.9927,Positive
200,Data Scientist,SearchUrCollege,Noida,Uttar Pradesh,Not mentioned,"['Power BI', 'R', 'Machine learning', 'Python', 'Tableau']",3.9,3.8,3.4,4.4,4.1,3.7,3.9,4.1,4,Scientist,3.9,0,Negative
201,Deep Learning model Engineer,Katomaran Technologies Private Limited,Coimbatore,Tamil Nadu,Full-time,"['Image processing', 'PyTorch', 'Deep learning', 'TensorFlow', 'Communication skills', ""Bachelor's degree"", ""Master's degree""]",4.1,4.1,3.5,4.4,4.2,4,4.1,4.2,4.2,Engineer,4.1,0.4404,Negative
202,Digital Marketing Analyst,Infosys Limited,Bengaluru,Karnataka,Not mentioned,"['Microsoft Access', 'Azure', 'Supply chain', 'Attribution modeling', 'E-Commerce', ""Bachelor's degree"", 'Diploma']",4,3.8,3.7,4.4,4.2,3.5,4,4.2,4,Analyst,4,0.8176,Positive
203,Machine Learning Engineer,NeuranceAI Technologies Private Limited,Bengaluru,Karnataka,Full-time,"['Azure', 'SQL', 'PyTorch', 'TensorFlow', 'Machine learning', ""Bachelor's degree"", 'Doctoral degree', ""Master's degree""]",4.1,4.1,3.5,4.4,4.2,4,4.1,4.2,4.2,Engineer,4.1,0.4404,Negative
204,Data Science Engineer,Salesforce,Hyderabad,Telangana,Full-time,"['Scala', 'Agile', 'Jenkins', 'APIs', 'Spark']",4.2,4.1,3.8,4.5,4.2,4.3,4.3,4.1,4.2,Engineer,4.2,0.1796,Negative
205,Laravel Developer,Growing Networks,Coimbatore,Tamil Nadu,Full-time,"['CSS', 'SQL', 'NoSQL', 'Bootstrap', 'Software troubleshooting', ""Bachelor's degree"", ""Master's degree""]",4,3.9,3.6,4.5,4.2,3.5,3.9,4.1,4.2,Developer,4,0.4404,Negative
206,Associate Stylesheet UI Specialist,BOEING,Chennai,Tamil Nadu,Not mentioned,"['Project management', 'Analysis skills', 'CSS', 'Microservices', 'XSLT', ""Bachelor's degree"", ""Master's degree""]",4,3.9,3.6,4.3,4.2,4,3.9,4.1,3.8,Associate,4,-0.8625,Negative
207,"Senior Software Engineer, Front End, Google Cloud",Google,Bengaluru,Karnataka,Full-time,"['Full-stack development', 'System design', 'Natural language processing', 'APIs', 'Distributed systems', 'Doctoral degree', ""Bachelor's degree"", ""Master's degree""]",4.2,4.3,3.6,4.5,4.2,4.2,4.3,4.2,4.3,Engineer,4.2,0.9806,Positive
208,Analyst-Data Maintenance,Accenture,Bengaluru,Karnataka,Full-time,"['Data management', ""Bachelor's degree""]",4.1,4,3.8,4.4,4.3,3.8,4.1,4.2,4.1,Analyst,4.1,0.9808,Positive
209,"Software Engineer II, Full Stack, Google Cloud",Google,Bengaluru,Karnataka,Full-time,"['TypeScript', 'CSS', 'Full-stack development', 'System design', 'Natural language processing', 'Doctoral degree', ""Bachelor's degree"", ""Master's degree""]",4.2,4.3,3.6,4.5,4.2,4.2,4.3,4.2,4.3,Engineer,4.2,0.9806,Positive
210,MIS Executive ( Google sheets experience) - Textile Industry,Banbury Exports,Mumbai,Maharashtra,Full-time,"['Analysis skills', 'Google Suite', 'Communication skills', 'Manufacturing', 'Microsoft Office', ""Bachelor's degree""]",4,3.9,3.6,4.4,4.2,3.8,3.9,4.1,3.9,Other,4,0.4404,Negative
211,"Data & Analytics Lead, Geo Analytics - GAMMA",Boston Consulting Group,New Delhi,Delhi,Full-time,"['Power BI', 'SQL', 'Data visualization', 'Communication skills', 'APIs']",3.9,3.9,3.4,4.4,4.1,3.7,3.9,4,4.1,Analyst,3.9,0,Negative
212,Data Scientist,ABB,Bengaluru,Karnataka,Full-time,"['Power BI', 'Data modeling', 'Azure', 'VBA', 'Microsoft Excel', ""Bachelor's degree"", ""Master's degree""]",4,3.8,3.6,4.4,4.2,3.8,3.9,4.2,3.9,Scientist,4,-0.855,Negative
213,Machine Learning Data Engineer,BlueOptima,Bengaluru,Karnataka,Full-time,"['Project management', 'PyTorch', 'Tableau', 'Data visualization', 'Natural language processing', ""Bachelor's degree""]",2.8,3,1,3,5,2,1,4,3,Engineer,2.8,0.9422,Positive
214,"Machine learning, Machine Engineer",Predictive Research,Bengaluru,Karnataka,Full-time,"['Machine learning', 'Big data', 'Data science']",4.1,4.1,3.5,4.4,4.2,4,4.1,4.2,4.2,Engineer,4.1,0.4404,Negative
215,Data Scientist,Kiash Solutions LLP,Bengaluru,Karnataka,Full-time,"['PyTorch', 'Machine learning', 'Python', 'Data science', 'Natural language processing']",3.9,3.8,3.4,4.4,4.1,3.7,3.9,4.1,4,Scientist,3.9,0,Negative
216,Data Science Analytics,Diverse Infotech,Gurgaon,Haryana,Not mentioned,['Data science'],3.9,3.9,3.4,4.4,4.1,3.7,3.9,4,4.1,Analyst,3.9,0,Negative
217,Software Developer Trainee,Eim Solutions,Bengaluru,Karnataka,Full-time,"['C++', 'Operating systems', 'C', 'JavaScript', 'Databases', ""Bachelor's degree""]",4,3.9,3.6,4.5,4.2,3.5,3.9,4.1,4.2,Developer,4,0.4404,Negative
218,Data Scientist,Crypto Mize,Delhi,Delhi,Full-time,"['Statistical analysis', 'Information security', 'Predictive analytics', 'Product development', 'Communication skills', ""Bachelor's degree"", 'Diploma']",3.9,3.8,3.4,4.4,4.1,3.7,3.9,4.1,4,Scientist,3.9,0,Negative
219,Freelance Data Analytics,Freelancesearchengine,Noida,Uttar Pradesh,Part-time | Temporary | Contract,"['Analysis skills', 'Power BI', 'Data modeling', 'SQL', 'SAS', ""Bachelor's degree"", ""Master's degree""]",3.9,3.9,3.4,4.4,4.1,3.7,3.9,4,4.1,Analyst,3.9,0,Negative
220,Python Developer  Fresher,qtech,Mumbai,Maharashtra,New-Grad,"['Flask', 'Django', 'Machine learning', 'Python', 'MySQL', ""Bachelor's degree"", ""Master's degree""]",4,3.9,3.6,4.5,4.2,3.5,3.9,4.1,4.2,Developer,4,0.4404,Negative
221,Clinical Data Coordinator II,Quanticate,Bengaluru,Karnataka,Full-time,"['Analysis skills', 'Communication skills', 'Microsoft Excel', 'Data management', 'Oracle']",4,3.9,3.6,4.4,4.2,3.8,3.9,4.1,3.9,Other,4,0.4404,Negative
222,Data Visualization,Multirecruit,Bengaluru,Karnataka,Full-time,"['Power BI', 'Communication skills', 'SQL', 'Data warehouse', ""Master's degree""]",4,3.9,3.6,4.4,4.2,3.8,3.9,4.1,3.9,Other,4,0.4404,Negative
223,Trainee Software Developer,South India Textiles Association (SITRA),Coimbatore,Tamil Nadu,Full-time | New-Grad,"['Visual Studio', 'Python', 'Angular', ""Bachelor's degree""]",3.6,4,3,5,4,2,3,3,5,Developer,3.6,0.6124,Positive
224,Junior Data Scientist,Newton School,Bengaluru,Karnataka,Full-time,"['Software deployment', 'REST', 'SQL', 'Pandas', 'Natural language processing']",3.9,3.8,3.4,4.4,4.1,3.7,3.9,4.1,4,Scientist,3.9,0,Negative
225,Data Scientist - Machine learning,PayU,Bengaluru,Karnataka,Full-time,"['Statistical analysis', 'SQL', 'Predictive analytics', 'SAS', 'PCI', ""Bachelor's degree""]",3.4,4,2,5,3,3,3,2,5,Scientist,3.4,0.8043,Positive
226,Technical Support Engineer,IBM,Ahmedabad,Gujarat,Full-time,"['Ansible', 'Technical support', 'Analysis skills', 'Windows', 'DB2', ""Master's degree""]",4,3.9,3.6,4.4,4.2,3.8,4,4.1,4,Engineer,4,0.9927,Positive
227,Data Science Operations,Acuity Knowledge Partners,Bengaluru,Karnataka,Not mentioned,"['Azure', 'SQL', 'Office experience', 'Tableau', 'NumPy', ""Master's degree""]",3.9,3.8,3.4,4.4,4.1,3.7,3.9,4.1,4,Scientist,3.9,0,Negative
228,Applied ML Intern,Third-AI,Bengaluru,Karnataka,Internship,"['NumPy', 'Natural language processing', 'TensorFlow', 'C++', 'OOP', 'Doctoral degree', ""Bachelor's degree"", ""Master's degree""]",3.9,3.6,3.5,4.4,4.4,3.6,3.8,4.1,3.7,Intern,3.9,0,Negative
229,Assistant Data Scientist,Nielsen,Kochi,Kerala,Full-time,"['Marketing mix modeling', 'SQL', 'Spark', 'Nielsen', 'Pandas', ""Bachelor's degree"", ""Master's degree""]",3.5,3.4,3,4,3.8,3.3,3.6,3.8,3.4,Scientist,3.5,-0.2748,Negative
230,Data and visualization Analyst,Orcapod,Bengaluru,Karnataka,Full-time | Temporary | Contract,"['GitLab', 'SQL', 'Microsoft Excel', 'Tableau', 'NumPy', ""Bachelor's degree""]",4.8,5,4,5,5,4,5,5,5,Analyst,4.8,0.4939,Negative
231,"Manager 2, Software Engineering",Dell Technologies,Bengaluru,Karnataka,Full-time,"['Go', 'Ansible', 'REST', 'Leadership', 'Agile', ""Bachelor's degree"", ""Master's degree""]",3.9,3.8,3.4,4.3,4.1,3.9,3.8,4,3.9,Manager,3.9,0.6143,Positive
232,"Software Engineer, Systems Power and Performance",Google,Bengaluru,Karnataka,Full-time,"['Analysis skills', 'Embedded software', 'System design', 'Natural language processing', 'Distributed systems', 'Doctoral degree', ""Master's degree""]",4.2,4.3,3.6,4.5,4.2,4.2,4.3,4.2,4.3,Engineer,4.2,0.9806,Positive
233,"Software Engineer III, Infrastructure, Technical Infrastructure",Google,Bengaluru,Karnataka,Full-time,"['C++', 'C', 'Distributed systems', 'System design', 'Natural language processing', ""Bachelor's degree"", ""Master's degree"", 'Doctoral degree']",4.2,4.3,3.6,4.5,4.2,4.2,4.3,4.2,4.3,Engineer,4.2,0.9806,Positive
234,Data Scientist,RELX,Bengaluru,Karnataka,Full-time,"['PyTorch', 'Natural language processing', 'Deep learning', 'TensorFlow', 'Agile', ""Bachelor's degree""]",3.9,3.8,3.4,4.4,4.1,3.7,3.9,4.1,4,Scientist,3.9,0,Negative
235,Staff Software Engineer (Multiple Roles) - Enterprise,Indeed,Hyderabad,Telangana,Full-time,"['React', 'Full-stack development', 'Mentoring', 'GraphQL', 'Redux', ""Bachelor's degree""]",4.4,4.7,3.5,4.8,4.3,4.3,4.3,4.5,4.6,Engineer,4.4,-0.1779,Negative
236,BE/BTech IT Internship,Unicoder,Bengaluru,Karnataka,Part-time | Internship,"['React', 'Node.js', 'Natural language processing', 'PHP', 'Django', ""Bachelor's degree""]",3.9,3.6,3.5,4.4,4.4,3.6,3.8,4.1,3.7,Intern,3.9,0,Negative
237,Staff Software Engineer,Indeed,Hyderabad,Telangana,Full-time,"['Elasticsearch', 'Azure', 'PyTorch', 'Scala', 'APIs']",4.4,4.7,3.5,4.8,4.3,4.3,4.3,4.5,4.6,Engineer,4.4,-0.1779,Negative
238,DATABASE DEVELOPER / DATABASE ARCHITECTURE - DATA SCIENCE,Aavas Financiers Limited,Bengaluru,Karnataka,Full-time,"['Database management', 'Relational databases', 'Data modeling', 'Data visualization', 'Communication skills', ""Bachelor's degree""]",4,3.9,3.6,4.5,4.2,3.5,3.9,4.1,4.2,Developer,4,0.4404,Negative
239,#RestartWithInfosys-EAIS-Java/Springboot/Microservices Consultant,Infosys Limited,Bengaluru,Karnataka,Not mentioned,"['APIs', 'Microservices', 'Java', ""Bachelor's degree"", ""Master's degree""]",4,3.8,3.7,4.4,4.2,3.5,4,4.2,4,Consultant,4,0.8176,Positive
240,Software Engineering,"JPMorgan Chase Bank, N.A.",Bengaluru,Karnataka,Full-time,"['Regulatory reporting', 'UNIX', 'Communication skills', 'Ab Initio', 'Shell Scripting', ""Bachelor's degree""]",4.1,4.1,3.5,4.4,4.2,4,4.1,4.2,4.2,Engineer,4.1,0.4404,Negative
241,Data Scientist,ADCI HYD 13 SEZ,Hyderabad,Telangana,Full-time,"['Statistical analysis', 'DynamoDB', 'Data modeling', 'SQL', 'Payroll', ""Bachelor's degree"", ""Master's degree""]",3.9,3.8,3.4,4.4,4.1,3.7,3.9,4.1,4,Scientist,3.9,0,Negative
242,Data Analyst,Cargill,Bengaluru,Karnataka,Not mentioned,"['Project management', 'Power BI', 'Communication skills', 'SQL', 'Hadoop', ""Bachelor's degree""]",3.7,3.5,3.4,4.2,3.9,3.6,3.6,4.1,3.6,Analyst,3.7,0.7506,Positive
243,Professional 2 Database Administrator (51005681),DXC Technology,Bengaluru,Karnataka,Full-time,"['Analysis skills', 'Database management', 'Leadership', 'Communication skills', 'Relational databases', ""Bachelor's degree""]",4,3.9,3.6,4.4,4.2,3.8,4,4.1,4,Administrator,4,0.4404,Negative
244,Data Scientist,CodingcloudInstitute,Ahmedabad,Gujarat,Full-time,"['Python', 'Data science', ""Bachelor's degree""]",3.9,3.8,3.4,4.4,4.1,3.7,3.9,4.1,4,Scientist,3.9,0,Negative
245,Data Scientist,Turbo Hire,Remote,Remote,Not mentioned,"['SQL', 'Machine learning', 'Python', 'Data science', 'Natural language processing', ""Bachelor's degree"", ""Master's degree""]",3.9,3.8,3.4,4.4,4.1,3.7,3.9,4.1,4,Scientist,3.9,0,Negative
246,QC Chemist,VILVAH STORE PRIVATE LIMITED,Coimbatore,Tamil Nadu,Full-time,"['Chemical engineering', ""Bachelor's degree""]",4,3.9,3.6,4.4,4.2,3.8,3.9,4.1,3.9,Other,4,0.4404,Negative
247,Unica Campaign Execution,IBM,Bengaluru,Karnataka,Full-time,"['Software deployment', 'Database management', 'Communication skills', 'Relational databases', 'Marketing', ""Master's degree""]",4,3.9,3.6,4.4,4.2,3.8,4,4.1,4,Other,4,0.9927,Positive
248,Software Developer - Fresher,Inspeero,Mumbai,Maharashtra,Full-time,"['Analysis skills', 'iOS', 'CSS', 'SDKs', 'Eclipse', ""Bachelor's degree"", ""Master's degree""]",4,3.9,3.6,4.5,4.2,3.5,3.9,4.1,4.2,Developer,4,0.4404,Negative
249,Data Analyst,Shamira talent solution,Bengaluru,Karnataka,Full-time,"['Power BI', 'SQL', 'Windows', 'Tableau', 'Pandas']",3.9,3.9,3.4,4.4,4.1,3.7,3.9,4,4.1,Analyst,3.9,0,Negative
250,Data Analyst/BI Analyst,Itcan,Bengaluru,Karnataka,Not mentioned,"['Analysis skills', 'Database management', 'Power BI', 'Data modeling', 'SQL', ""Bachelor's degree""]",3.9,3.9,3.4,4.4,4.1,3.7,3.9,4,4.1,Analyst,3.9,0,Negative
251,Data Analyst,Glamyo Health,Delhi,Delhi,Full-time,"['Power BI', 'SQL', 'Microsoft Excel', 'SAS', 'Tableau']",3.9,3.9,3.4,4.4,4.1,3.7,3.9,4,4.1,Analyst,3.9,0,Negative
252,Data Scientist - Team AI Science,CropIn Technology Solutions,Bengaluru,Karnataka,Full-time,"['Image processing', 'GitLab', 'Git', 'Deep learning', 'TensorFlow', ""Master's degree""]",3.9,3.8,3.4,4.4,4.1,3.7,3.9,4.1,4,Scientist,3.9,0,Negative
253,Data Analyst / Data Scientist,CoffeeBeans Consulting,Bengaluru,Karnataka,Full-time,"['SQL', 'SAS', 'Market analysis', 'Analytics', 'R', ""Bachelor's degree"", ""Master's degree""]",3.9,3.9,3.4,4.4,4.1,3.7,3.9,4,4.1,Analyst,3.9,0,Negative
254,Research Analyst I - Defence Data Development,Janes,Bengaluru,Karnataka,Full-time,"['Power BI', 'Communication skills', 'SQL', 'Microsoft Excel', 'Tableau']",4,3.9,3.5,4.4,4.2,3.8,4,4.1,4,Research,4,0.659,Positive
255,Technology Analyst (React Js),Infosys Limited,Hyderabad,Telangana,Not mentioned,"['React', 'CSS', 'Node.js', 'Scrum', 'MySQL', ""Bachelor's degree"", ""Master's degree""]",4,3.8,3.7,4.4,4.2,3.5,4,4.2,4,Analyst,4,0.8176,Positive
256,EY GDS Consulting - Data And Analytics - Data Engineer - 44-3,EY,Bengaluru,Karnataka,Internship,"['Analysis skills', 'Image processing', 'Azure', 'Waterfall', 'Business intelligence', ""Bachelor's degree"", ""Master's degree""]",3.9,3.5,3.8,4.4,4.3,3.4,3.9,4.1,3.7,Consultant,3.9,0.9535,Positive
257,Staff Software Engineer,Google,Bengaluru,Karnataka,Full-time,"['Objective-C', 'Swift', '.NET', 'System design', 'Natural language processing', 'Doctoral degree', ""Bachelor's degree"", ""Master's degree""]",4.2,4.3,3.6,4.5,4.2,4.2,4.3,4.2,4.3,Engineer,4.2,0.9806,Positive
258,Associate Risk Analyst II,Uber,Hyderabad,Telangana,Full-time,"['Analysis skills', 'SQL', 'Data analytics', 'Fraud', 'Communication skills', ""Bachelor's degree"", ""Master's degree""]",4.3,4.3,3.8,4.5,4.5,3.9,4.3,4.7,4.3,Associate,4.3,0.7774,Positive
259,Huge openings for PHP Developer,The GNB Charitable Foundation,Chennai,Tamil Nadu,Full-time,"['CSS', 'Communication skills', 'APIs', 'REST', 'Continuous integration', ""Bachelor's degree""]",4,3.9,3.6,4.5,4.2,3.5,3.9,4.1,4.2,Developer,4,0.4404,Negative
260,"Data Scientist, AIML",Standard Chartered,Chennai,Tamil Nadu,Full-time,"['Product development', 'Image processing', 'Machine learning', 'Data science', 'Natural language processing']",3.9,3.8,3.4,4.4,4.1,3.7,3.9,4.1,4,Scientist,3.9,0,Negative
261,"Sr. Manager, Data Science & ML Platform",Oportun Inc,Remote,Remote,Full-time,"['SQL', 'Digital marketing', 'Communication skills', 'Agile', 'Machine learning', ""Bachelor's degree"", 'Doctoral degree', ""Master's degree""]",4,4,4,4,4,4,4,4,4,Manager,4,0.6249,Positive
262,Laravel Developer,Skyshine Technologies,Jabalpur,Madhya Pradesh,Full-time,"['REST', 'CSS', 'Laravel', 'SQL', 'MySQL', ""Bachelor's degree"", ""Master's degree""]",4,3.9,3.6,4.5,4.2,3.5,3.9,4.1,4.2,Developer,4,0.4404,Negative
263,"Software Engineer III, Technical Infrastructure",Google,Bengaluru,Karnataka,Full-time,"['Distributed systems', 'System design', 'Natural language processing', 'AI', 'Software development', ""Bachelor's degree"", ""Master's degree"", 'Doctoral degree']",4.2,4.3,3.6,4.5,4.2,4.2,4.3,4.2,4.3,Engineer,4.2,0.9806,Positive
264,Associate Data Analytics,Merkle Sokrati,Pune,Maharashtra,Full-time,"['Data analytics', 'Power BI', 'SQL', 'R', 'Python', ""Bachelor's degree""]",3.7,3.5,3.5,4.3,4,2.9,3.5,3.7,4,Associate,3.7,0.9758,Positive
265,Data Scientist and Engineering,HP,Bengaluru,Karnataka,Full-time,"['Analysis skills', 'Communication skills', 'NoSQL', ""Bachelor's degree"", ""Master's degree""]",3.9,3.8,3.3,4.4,4.1,3.6,3.9,4.1,3.9,Engineer,3.9,0.7768,Positive
266,Application Developer: Java & Web Technologies,IBM,Mysore,Karnataka,Full-time,"['User acceptance testing', 'Design patterns', 'Ant', 'Git', 'Eclipse', ""Master's degree""]",4,3.9,3.6,4.4,4.2,3.8,4,4.1,4,Developer,4,0.9927,Positive
267,GIS Data Analyst,Carifer Technologies,Erode,Tamil Nadu,Full-time,"['Microsoft Excel', 'GIS', 'Microsoft Powerpoint', 'Microsoft Outlook', 'ArcGIS', ""Bachelor's degree""]",3.9,3.9,3.4,4.4,4.1,3.7,3.9,4,4.1,Analyst,3.9,0,Negative
268,DATA SCIENCE TRAINER,Spectrum Softtech Solutions Pvt. Ltd.,Ernakulam,Kerala,Not mentioned,"['.NET', 'Data science']",3.7,3.6,3.3,4.2,3.9,3.6,3.6,3.9,3.7,Scientist,3.7,0.9981,Positive
269,Research Analyst - ESG Data Solutions,FactSet Research Systems,Hyderabad,Telangana,Full-time,"['Analysis skills', 'Computer literacy', ""Bachelor's degree"", ""Master's degree""]",4,3.9,3.5,4.4,4.2,3.8,4,4.1,4,Research,4,0.4404,Negative
270,Data Scientist,PAGO Analytics,Hyderabad,Telangana,Full-time,"['Image processing', 'Natural language processing', 'Deep learning', 'Go', 'C++', ""Master's degree""]",3.9,3.8,3.4,4.4,4.1,3.7,3.9,4.1,4,Scientist,3.9,0,Negative
271,Springboot Microservices Developer,Infosys Limited,Bengaluru,Karnataka,Not mentioned,"['Microservices', ""Bachelor's degree"", ""Master's degree""]",4,3.8,3.7,4.4,4.2,3.5,4,4.2,4,Developer,4,0.8176,Positive
272,Associate QA Engineer(Automation),Emplay Inc,Bengaluru,Karnataka,Full-time | New-Grad,"['Continuous integration', 'Microsoft Excel', 'Test automation', 'Microsoft Powerpoint', 'Selenium', ""Bachelor's degree""]",4.1,4,3.7,4.4,4.3,3.8,4.1,4.2,4.1,Associate,4.1,0.4404,Negative
273,Trainee Analyst,Semperfi Solution,Bengaluru,Karnataka,Full-time | New-Grad,"['SQL', 'Communication skills', 'Python', 'Analysis skills', 'Oracle', ""Bachelor's degree""]",3.9,3.9,3.4,4.4,4.1,3.7,3.9,4,4.1,Analyst,3.9,0,Negative
274,Data Scientist,Kiwi Technologies India Pvt. Ltd,Noida,Uttar Pradesh,Full-time,"['SQL', 'Scrum', 'C++', 'Communication skills', 'Scala', ""Master's degree""]",3.9,3.8,3.4,4.4,4.1,3.7,3.9,4.1,4,Scientist,3.9,0,Negative
275,Analyst - Data Science,Amex,Gurgaon,Haryana,Not mentioned,"['Statistical analysis', 'SQL', 'Spark', 'Apache Hive', 'SAS', 'Doctoral degree', ""Bachelor's degree"", ""Master's degree""]",3.9,3.9,3.4,4.4,4.1,3.7,3.9,4,4.1,Analyst,3.9,0,Negative
276,Machine Learning Engineer (Data Science Engineer),Pype,Bengaluru,Karnataka,Not mentioned,"['Analysis skills', 'Image processing', 'Spark', 'SaaS', 'Natural language processing', ""Bachelor's degree"", ""Master's degree""]",4.1,4.1,3.5,4.4,4.2,4,4.1,4.2,4.2,Engineer,4.1,0.4404,Negative
277,Software Engineer (Freshers),Acompworld,Bhopal,Madhya Pradesh,New-Grad,"['Operating systems', '.NET', 'Software troubleshooting', 'C++', 'Communication skills', ""Bachelor's degree""]",4.1,4.1,3.5,4.4,4.2,4,4.1,4.2,4.2,Engineer,4.1,0.4404,Negative
278,EY-Data & Analytics - Consulting - Campus - 44-1,EY,Kochi,Kerala,Not mentioned,"['Information management', 'SQL', 'SAP', 'Windows', 'Maximo', ""Bachelor's degree""]",3.9,3.5,3.8,4.4,4.3,3.4,3.9,4.1,3.7,Consultant,3.9,0.9535,Positive
279,Data Science,Zee Entertainment Enterprises,Bengaluru,Karnataka,Not mentioned,"['Software deployment', 'Data science', ""Master's degree""]",3.9,3.8,3.4,4.4,4.1,3.7,3.9,4.1,4,Scientist,3.9,0,Negative
280,Data Scientist-GoFood,GO-JEK,Bengaluru,Karnataka,Full-time,"['SQL', 'Predictive analytics', 'Analytics', 'R', 'Machine learning', ""Bachelor's degree"", ""Master's degree""]",3.9,3.8,3.4,4.4,4.1,3.7,3.9,4.1,4,Scientist,3.9,0,Negative
281,Data Engineer (Scala Spark),Global Employees,Remote,Remote,Full-time,"['SQL', 'Spark', 'Scala', 'Hadoop', 'Python', ""Bachelor's degree""]",4.1,4.1,3.5,4.4,4.2,4,4.1,4.2,4.2,Engineer,4.1,0.4404,Negative
282,Data Scientist,People Interactive Pvt Ltd.,Mumbai,Maharashtra,Full-time,"['Image processing', 'SQL', 'Spark', 'Apache Hive', 'Predictive analytics', ""Bachelor's degree"", 'Diploma', ""Master's degree""]",3.9,3.8,3.4,4.4,4.1,3.7,3.9,4.1,4,Scientist,3.9,0,Negative
283,Enabling Areas - Data Scientist - AM/DM,Deloitte,Delhi,Delhi,Not mentioned,"['Statistical analysis', 'Software deployment', 'Azure', 'Predictive analytics', 'Presentation skills', ""Master's degree""]",4,3.8,3.8,4.4,4.2,3.9,4.1,4.1,4,Scientist,4,0.9119,Positive
284,Big Data Engineer with Python,MoneyGram,Mumbai,Maharashtra,Full-time,"['REST', 'NumPy', 'Pandas', 'Git', 'APIs']",4.1,4.1,3.5,4.4,4.2,4,4.1,4.2,4.2,Engineer,4.1,0.4404,Negative
285,Software Engineer II - Data,Uber,Bengaluru,Karnataka,Full-time,"['SQL', 'Apache Hive', 'NoSQL', 'MySQL', 'Go', ""Bachelor's degree"", ""Master's degree""]",4.3,4.3,3.8,4.5,4.5,3.9,4.3,4.7,4.3,Engineer,4.3,0.7774,Positive
286,Research Analyst I,Janes,Bengaluru,Karnataka,Full-time,"['Power BI', 'Communication skills', 'SQL', 'Microsoft Excel', 'Tableau']",4,3.9,3.5,4.4,4.2,3.8,4,4.1,4,Research,4,0.659,Positive
287,Software Developer II - Data Sharing Platform,Uber,Bengaluru,Karnataka,Full-time,"['Go', 'Distributed systems', 'Back-end development', 'Java', ""Bachelor's degree""]",4.3,4.3,3.8,4.5,4.5,3.9,4.3,4.7,4.3,Developer,4.3,0.7774,Positive
288,Principal Software Engineer,Dell Technologies,Bengaluru,Karnataka,Full-time,"['Cassandra', 'OOP', 'Agile', 'PostgreSQL', 'GraphQL', ""Bachelor's degree"", ""Master's degree""]",3.9,3.8,3.4,4.3,4.1,3.9,3.8,4,3.9,Engineer,3.9,0.6143,Positive
289,"Software Engineer III, Infrastructure, Google Cloud",Google,Bengaluru,Karnataka,Full-time,"['System design', 'Natural language processing', 'C++', 'C', 'Distributed systems', 'Doctoral degree', ""Bachelor's degree"", ""Master's degree""]",4.2,4.3,3.6,4.5,4.2,4.2,4.3,4.2,4.3,Engineer,4.2,0.9806,Positive
290,"Consultant, Data Science and Analytics",TransUnion,Pune,Maharashtra,Full-time,"['SQL', 'SAS', 'Business intelligence', 'C++', 'R', 'Doctoral degree', ""Master's degree""]",4,4,3.5,4.5,4.1,3.9,4.1,4.3,3.9,Consultant,4,-0.783,Negative
291,Data Scientist - All Levels,Greenizon Agritech Consultancy,Bengaluru,Karnataka,Full-time,"['SQL', 'Git', 'Private equity', 'Communication skills', 'R', ""Bachelor's degree"", ""Master's degree""]",3.9,3.8,3.4,4.4,4.1,3.7,3.9,4.1,4,Scientist,3.9,0,Negative
292,AI Cognitive - Data Science for Python,Wipro Limited,Bengaluru,Karnataka,Full-time,"['Leadership', 'Communication skills', 'Agile', 'Python', 'Knowledge management', ""Master's degree""]",4,3.9,3.8,4.4,4.3,3.7,4,4.2,4.1,Scientist,4,0.8925,Positive
293,Consultant,Virtusa,Bengaluru,Karnataka,Full-time,"['Software troubleshooting', 'UI', 'Communication skills', 'Siebel', 'AI', ""Bachelor's degree""]",4,3.8,3.9,4.4,4.3,3.6,4,4.3,3.9,Consultant,4,0.936,Positive
294,MC Front-End Data Analyst,Polaris Inc.,Bengaluru,Karnataka,Full-time,"['Power BI', 'Agile', 'SQL', 'VBA', 'MySQL', ""Bachelor's degree""]",3.9,3.9,3.4,4.4,4.1,3.7,3.9,4,4.1,Analyst,3.9,0,Negative
295,Clinical Research Associate,T J Green Energy R&D Pvt Ltd,Coimbatore,Tamil Nadu,Full-time,"['Communication skills', 'Microsoft Office', ""Bachelor's degree""]",4.1,4,3.7,4.4,4.3,3.8,4.1,4.2,4.1,Associate,4.1,0.4404,Negative
296,Data Science Intern,Tanishq Enterprises pvt ltd,Pune,Maharashtra,Full-time,['Data science'],3.9,3.6,3.5,4.4,4.4,3.6,3.8,4.1,3.7,Intern,3.9,0,Negative
297,End User Support Engineer,GE Digital,Bengaluru,Karnataka,Not mentioned,"['Splunk', 'Communication skills', 'Operating systems', 'Performance management', ""Bachelor's degree""]",4.2,4.3,3.7,4.6,4.2,4,4.2,4.3,4.3,Engineer,4.2,0.9503,Positive
298,Data Engineer,BatchService,Remote,Remote,Full-time,"['TypeScript', 'Communication skills', 'Technical writing', 'Spark', 'Python', ""Bachelor's degree"", ""Master's degree""]",4.1,4.1,3.5,4.4,4.2,4,4.1,4.2,4.2,Engineer,4.1,0.4404,Negative
299,"Data Scientist, Data Science",Cardinal Health,Bengaluru,Karnataka,Not mentioned,"['TensorFlow', 'DevOps', 'Communication skills', 'Agile', 'Torch']",3.9,3.8,3.4,4.4,4.1,3.7,3.9,4.1,4,Scientist,3.9,0,Negative
300,Senior Analyst - Risk and Compliance,IBM,Bengaluru,Karnataka,Full-time,"['Six Sigma Certification', 'Pivot tables', 'Analysis skills', 'Six Sigma', 'Data analysis skills', 'Diploma', ""Master's degree""]",4,3.9,3.6,4.4,4.2,3.8,4,4.1,4,Analyst,4,0.9927,Positive
301,Data Analyst,YuktaMedia,Pune,Maharashtra,Not mentioned,"['Communication skills', 'SQL', 'Microsoft Excel', 'Python', 'MySQL', ""Bachelor's degree"", ""Master's degree""]",3.9,3.9,3.4,4.4,4.1,3.7,3.9,4,4.1,Analyst,3.9,0,Negative
302,Data Analyst,PayU,Bengaluru,Karnataka,Full-time,"['Statistical analysis', 'Direct sales', 'SQL', 'PCI', 'Agile']",3.4,4,2,5,3,3,3,2,5,Analyst,3.4,0.8043,Positive
303,Data Science Manager,Accenture,India,India,Full-time,"['Project management', 'Analysis skills', 'R', 'Microsoft Excel', 'Machine learning']",4.1,4,3.8,4.4,4.3,3.8,4.1,4.2,4.1,Manager,4.1,0.9808,Positive
304,Data Scientist,Nutanix,Bengaluru,Karnataka,Temporary | Contract,"['SQL', 'Microsoft Excel', 'Predictive analytics', 'SAS', 'Tableau', ""Bachelor's degree"", ""Master's degree""]",4.4,4.3,4.2,4.4,4.5,4.3,4.4,4.4,4.4,Scientist,4.4,0.3201,Negative
305,Sr. Clinical Data Management Associate,Accenture,Bengaluru,Karnataka,Full-time,"['Clinical research', ""Bachelor's degree"", 'Diploma', ""Master's degree""]",4.1,4,3.8,4.4,4.3,3.8,4.1,4.2,4.1,Associate,4.1,0.9808,Positive
306,Data-Mining Executives,Bayslope Business Solutions,India,India,Full-time | Internship,"['Microsoft Excel', 'Microsoft Powerpoint', 'Microsoft Outlook', 'Data mining', 'Microsoft Office', ""Bachelor's degree""]",4,3.9,3.6,4.4,4.2,3.8,3.9,4.1,3.9,Other,4,0.4404,Negative
307,Python,Ceorra,Ahmedabad,Gujarat,Full-time | New-Grad,"['VBA', 'Microsoft Excel', 'C++', 'C', 'Python']",4,3.9,3.6,4.4,4.2,3.8,3.9,4.1,3.9,Other,4,0.4404,Negative
308,Data Scientist - Product Team,Tookitaki Holding PTE LTD,Bengaluru,Karnataka,Not mentioned,"['SQL', 'Spark', 'Predictive analytics', 'Product development', 'Communication skills']",3.9,3.8,3.4,4.4,4.1,3.7,3.9,4.1,4,Scientist,3.9,0,Negative
309,Software Engineer - APEX Offer Engineering Team,Dell Technologies,Bengaluru,Karnataka,Full-time,"['J2EE', 'Web services', 'REST', 'Continuous integration', 'Agile']",3.9,3.8,3.4,4.3,4.1,3.9,3.8,4,3.9,Engineer,3.9,0.6143,Positive
310,Specialist Informatica Data Quality,Novartis,Hyderabad,Telangana,Full-time,"['Analysis skills', 'SQL', 'Data management', 'Data analysis skills', 'Metadata', ""Bachelor's degree"", ""Master's degree""]",4,3.8,3.6,4.3,4.2,3.9,4,4.2,4.1,Other,4,0.4404,Negative
311,"Senior Software Engineer, Engineering Productivity, Google Cloud",Google,Hyderabad,Telangana,Full-time,"['Distributed systems', 'Test automation', 'System design', 'Google Cloud Platform', 'Natural language processing', ""Bachelor's degree"", ""Master's degree"", 'Doctoral degree']",4.2,4.3,3.6,4.5,4.2,4.2,4.3,4.2,4.3,Engineer,4.2,0.9806,Positive
312,Data Analyst: Full Time,Heart It Out,Bengaluru,Karnataka,Full-time,"['Customer service', 'SQL', 'Tableau', 'Communication skills', 'Analytics', ""Bachelor's degree"", ""Master's degree""]",3.9,3.9,3.4,4.4,4.1,3.7,3.9,4,4.1,Analyst,3.9,0,Negative
313,Web Designer,Lotus Interworks Inc,Remote,Remote,Full-time | Temporary | Contract,"['Colour theory', 'CSS', 'Microsoft Powerpoint', 'Bootstrap', 'Adobe Photoshop', ""Bachelor's degree"", 'Diploma', ""Master's degree""]",4,3.9,3.6,4.4,4.2,3.8,3.9,4.1,3.9,Other,4,0.4404,Negative
314,Analyst - GAMMA,Boston Consulting Group,New Delhi,Delhi,Full-time,"['Database management', 'Power BI', 'SQL', 'VBA', 'Microsoft Excel', ""Bachelor's degree"", ""Master's degree""]",3.9,3.9,3.4,4.4,4.1,3.7,3.9,4,4.1,Analyst,3.9,0,Negative
315,Principal DevOps Engineer,SailPoint,Maharashtra,Maharashtra,Full-time,"['Information security', 'Continuous integration', 'Jenkins', 'SaaS', 'CI/CD', ""Bachelor's degree""]",4.1,4.1,3.5,4.4,4.2,4,4.1,4.2,4.2,Engineer,4.1,0.4404,Negative
316,Business Analysis/Data Science,Nathan Research,Chennai,Tamil Nadu,Not mentioned,"['Power BI', 'Analytics', 'Microsoft Excel', 'Machine learning', 'Tableau']",3.9,3.9,3.4,4.4,4.1,3.7,3.9,4,4.1,Analyst,3.9,0,Negative
317,Data Analyst,Kinara Capital,Bengaluru,Karnataka,Not mentioned,"['SQL', 'R', 'Python', 'Pandas', 'Data science', ""Bachelor's degree""]",3.9,3.9,3.4,4.4,4.1,3.7,3.9,4,4.1,Analyst,3.9,0,Negative
318,Data Analyst,Standard Chartered,Chennai,Tamil Nadu,Full-time,"['Power BI', 'SQL', 'Microsoft Excel', 'SAS', 'Certified Scrum Master', ""Bachelor's degree"", ""Master's degree""]",3.9,3.9,3.4,4.4,4.1,3.7,3.9,4,4.1,Analyst,3.9,0,Negative
319,Bioinformatics Analyst,3BIGS Omicscore India Pvt.Ltd,Bengaluru,Karnataka,Full-time,"['Perl', 'Shell Scripting', 'UNIX', 'Communication skills', 'R', ""Master's degree""]",3.9,3.9,3.4,4.4,4.1,3.7,3.9,4,4.1,Analyst,3.9,0,Negative
320,Data Scientist,Eoraa & Co.,New Delhi,Delhi,Full-time,"['Communication skills', 'R', 'Python', 'NumPy', 'Pandas', ""Bachelor's degree""]",3.9,3.8,3.4,4.4,4.1,3.7,3.9,4.1,4,Scientist,3.9,0,Negative
321,MACHINE LEARNING / DATA SCIENCE TRAINER,Ethnotech Academy,Bengaluru,Karnataka,Not mentioned,"['.NET', 'Machine learning', 'Python', 'Tableau', 'Data science']",3.9,3.8,3.4,4.4,4.1,3.7,3.9,4.1,4,Scientist,3.9,0,Negative
322,Data Science Lead - Forecasting,Cargill,Bengaluru,Karnataka,Not mentioned,"['Software deployment', 'Supply chain', 'R', 'Machine learning', 'JavaScript', 'Doctoral degree', ""Bachelor's degree"", ""Master's degree""]",3.7,3.5,3.4,4.2,3.9,3.6,3.6,4.1,3.6,Scientist,3.7,0.7506,Positive
323,Data Scientist,Anblicks,Hyderabad,Telangana,Not mentioned,"['Azure', 'SAS', 'NoSQL', 'Business intelligence', 'TensorFlow', ""Bachelor's degree"", ""Master's degree""]",3.9,3.8,3.4,4.4,4.1,3.7,3.9,4.1,4,Scientist,3.9,0,Negative
324,Software Engineer,Microsoft,Bengaluru,Karnataka,Full-time,"['Operating systems', 'Azure', '.NET', 'NoSQL', 'C++', ""Bachelor's degree"", ""Master's degree""]",4,4,3.5,4.3,4.1,3.9,4.2,4.1,4.1,Engineer,4,0,Negative
325,Associate Director Clinical Data Management,AstraZeneca,Bengaluru,Karnataka,Full-time,"['Analysis skills', 'Vendor management', 'SQL', 'VBA', 'Negotiation', ""Bachelor's degree""]",4.1,4,3.5,4.4,4.2,4.2,4.2,4.3,4.3,Associate,4.1,0.7717,Positive
326,Data Scientist,Paktolus,Bengaluru,Karnataka,Full-time,"['Azure', 'SQL', 'Spark', 'Apache Hive', 'Torch', ""Bachelor's degree""]",3.9,3.8,3.4,4.4,4.1,3.7,3.9,4.1,4,Scientist,3.9,0,Negative
327,Data Scientist - IT,Procter & Gamble,Mumbai,Maharashtra,Full-time,"['Communication skills', 'Machine learning', 'Data science', ""Bachelor's degree"", ""Master's degree""]",3.9,3.8,3.4,4.4,4.1,3.7,3.9,4.1,4,Scientist,3.9,0,Negative
328,CONSULTANT  DATA SCIENTIST,Aliqan Technologies,Bengaluru,Karnataka,Full-time,"['Team management', 'SQL', 'Apache Hive', 'Microsoft Excel', 'Business analysis', ""Bachelor's degree"", ""Master's degree""]",4,3.8,3.7,4.4,4.2,3.6,4,4.2,3.9,Consultant,4,0.4404,Negative
329,Data and Applied Science Manager,Microsoft,Hyderabad,Telangana,Full-time,"['Analysis skills', 'Azure', '.NET', 'Deep learning', 'Leadership', ""Bachelor's degree""]",4,4,3.5,4.3,4.1,3.9,4.2,4.1,4.1,Manager,4,0,Negative
330,Data Scientist,Exeliq Consulting,Mumbai,Maharashtra,Not mentioned,"['Image processing', 'Computer vision']",3.9,3.8,3.4,4.4,4.1,3.7,3.9,4.1,4,Scientist,3.9,0,Negative
331,Professional 2 Network Engineer (51005765),DXC Technology,Bengaluru,Karnataka,Full-time,"['Analysis skills', 'Communication skills', 'Computer networking', 'LAN', ""Bachelor's degree""]",4.1,4.1,3.5,4.4,4.2,4,4.1,4.2,4.2,Engineer,4.1,0.4404,Negative
332,Python - Data Science,RARR Technologies,Bengaluru,Karnataka,Full-time,"['Elasticsearch', 'Power BI', 'Azure', 'SQL', 'NoSQL', ""Bachelor's degree"", ""Master's degree""]",3.9,3.8,3.4,4.4,4.1,3.7,3.9,4.1,4,Scientist,3.9,0,Negative
333,Data Scientist,Renew Instruments,Mumbai,Maharashtra,Full-time,"['Deep learning', 'Financial modeling', 'C++', 'R', 'C', 'Doctoral degree', ""Master's degree""]",3.9,3.8,3.4,4.4,4.1,3.7,3.9,4.1,4,Scientist,3.9,0,Negative
334,Junior Associate - Data Engineer,AstraZeneca,Chennai,Tamil Nadu,Full-time,"['Communication skills', 'Agile', 'Spark', 'Machine learning', 'Python']",4.1,4,3.5,4.4,4.2,4.2,4.2,4.3,4.3,Associate,4.1,0.7717,Positive
335,"Embedded Software Engineer, Multimedia, Silicon",Google,Bengaluru,Karnataka,Full-time,"['Android Development', 'Operating systems', 'Embedded software', 'SoC', 'System design', ""Bachelor's degree"", ""Master's degree""]",4.2,4.3,3.6,4.5,4.2,4.2,4.3,4.2,4.3,Engineer,4.2,0.9806,Positive
336,Bitrix Project Manager/Expert Fully Remote,The Spanish Group LLC,New Delhi,Delhi,Full-time,"['Web development', 'Website Management', 'CSS', 'Usability', 'MySQL', ""Bachelor's degree""]",4.2,4.1,3.7,4.5,4.3,4,4.2,4.2,4.2,Manager,4.2,0.4404,Negative
337,"Staff Software Engineer, Full Stack, Google Ads",Google,Bengaluru,Karnataka,Full-time,"['Google Ads', 'TypeScript', 'CSS', 'Full-stack development', 'System design', 'Doctoral degree', ""Bachelor's degree"", ""Master's degree""]",4.2,4.3,3.6,4.5,4.2,4.2,4.3,4.2,4.3,Engineer,4.2,0.9806,Positive
338,Software Engineer Trainee,Qantler Technologies,Thiruvananthapuram,Kerala,Full-time | Internship | New-Grad,"['React', 'CSS', 'Azure', 'Node.js', 'Flutter']",4.1,4.1,3.5,4.4,4.2,4,4.1,4.2,4.2,Engineer,4.1,0.4404,Negative
339,"Staff Software Engineer, Mobile, Android",Google,Hyderabad,Telangana,Full-time,"['Android Development', 'System design', 'Natural language processing', 'Application development', 'Distributed systems', 'Doctoral degree', ""Bachelor's degree"", ""Master's degree""]",4.2,4.3,3.6,4.5,4.2,4.2,4.3,4.2,4.3,Engineer,4.2,0.9806,Positive
340,AWS Cloud Data Engineer / Lead,Vichara Technologies,Indore,Madhya Pradesh,Full-time,"['Ansible', 'Azure', 'SQL', 'PowerShell', 'Identity & access management', ""Bachelor's degree""]",4.1,4.1,3.5,4.4,4.2,4,4.1,4.2,4.2,Engineer,4.1,0.4404,Negative
341,Senior Database Developer,9ine,Pune,Maharashtra,Full-time,"['Project management', 'Analysis skills', 'Database management', 'Azure', 'SQL']",4,3.9,3.6,4.5,4.2,3.5,3.9,4.1,4.2,Developer,4,0.4404,Negative
342,Data Science Trainer,Cambridge Skills Development OPC Pvt Ltd,Bengaluru,Karnataka,Full-time | Part-time | Temporary | Contract,"['SQL', 'Predictive analytics', 'Teaching experience', 'SAS', 'NoSQL']",3.9,3.8,3.4,4.4,4.1,3.7,3.9,4.1,4,Scientist,3.9,0,Negative
343,Data and Reporting Analyst,Fresh Prints,Hyderabad,Telangana,Not mentioned,"['Communication skills', 'SQL', 'Analytics', 'R', 'Python', ""Bachelor's degree""]",3.8,4,2,4,4,4,3.5,4.5,4.5,Analyst,3.8,0.3612,Negative
344,Data Analyst,Xenerx,Goa,Goa,Full-time,"['Data analytics', 'Communication skills', 'Microsoft Excel', ""Bachelor's degree""]",3.9,3.9,3.4,4.4,4.1,3.7,3.9,4,4.1,Analyst,3.9,0,Negative
345,Coordinator - MIS and Data Analyst,eVidyaloka,Remote,Remote,Full-time,"['Statistical analysis', 'Analysis skills', 'SQL', 'SAS', 'Google Analytics', ""Bachelor's degree""]",3.9,3.9,3.4,4.4,4.1,3.7,3.9,4,4.1,Analyst,3.9,0,Negative
346,Data Analyst,TrizTeck Intellectual Property Solutions LLP,Delhi,Delhi,Full-time,"['Data analytics', 'Communication skills', 'Microsoft Excel', ""Bachelor's degree"", ""Master's degree""]",3.9,3.9,3.4,4.4,4.1,3.7,3.9,4,4.1,Analyst,3.9,0,Negative
347,Data Scientist,Cellworks Research India,Bengaluru,Karnataka,Not mentioned,"['D3.js', 'Data modeling', 'NoSQL', 'MySQL', 'Data visualization', ""Bachelor's degree"", ""Master's degree""]",3.9,3.8,3.4,4.4,4.1,3.7,3.9,4.1,4,Scientist,3.9,0,Negative
348,Cyber Forensics Expert Internship,Crypto Mize,Delhi,Delhi,Internship,"['Information security', 'Chef', 'Computer forensics', 'Diploma']",3.9,3.6,3.5,4.4,4.4,3.6,3.8,4.1,3.7,Intern,3.9,0,Negative
349,"Product Analyst, Data Science, Engineering",Google,Bengaluru,Karnataka,Full-time,"['SQL', 'SAS', 'Stata', 'MATLAB', 'Communication skills', ""Bachelor's degree"", ""Master's degree""]",4.2,4.3,3.6,4.5,4.2,4.2,4.3,4.2,4.3,Analyst,4.2,0.9806,Positive
350,Data Engineer - Chase,"JPMorgan Chase Bank, N.A.",Bengaluru,Karnataka,Full-time,"['Azure', 'SQL', 'Communication skills', 'Scala', 'Agile']",4.1,4.1,3.5,4.4,4.2,4,4.1,4.2,4.2,Engineer,4.1,0.4404,Negative
351,SOC Analyst I,UST,Thiruvananthapuram,Kerala,Full-time,"['Analysis skills', 'Communication skills', 'Information security', 'SoC', 'SIEM', ""Bachelor's degree""]",4.5,4.3,4,5,5,4.3,4.3,5,4.3,Analyst,4.5,0,Negative
352,Associate - Projects,Cognizant,Kochi,Kerala,Full-time,"['Unit testing', 'Knowledge management', 'Management', 'AWS', 'Functional testing', ""Bachelor's degree""]",4,3.9,3.8,4.4,4.2,3.6,4,4.2,4,Associate,4,-0.6862,Negative
353,Software Developer,ClinConsent,Mysore,Karnataka,Full-time,"['CSS', 'SQL', '.NET', 'Software troubleshooting', 'JavaScript', ""Bachelor's degree"", ""Master's degree""]",4,3.9,3.6,4.5,4.2,3.5,3.9,4.1,4.2,Developer,4,0.4404,Negative
354,Data Scientist,FinAcPlus,Hyderabad,Telangana,Not mentioned,"['Analysis skills', 'SQL', 'VBA', 'Microsoft Excel', 'Tableau', ""Bachelor's degree""]",3.9,3.8,3.4,4.4,4.1,3.7,3.9,4.1,4,Scientist,3.9,0,Negative
355,Intern - Software Engineer 0-1 Yr Bengaluru,Synapsica Healthcare,Bengaluru,Karnataka,Part-time,"['Image processing', 'REST', 'Flask', 'System design', 'Git', ""Bachelor's degree""]",3.9,3.6,3.5,4.4,4.4,3.6,3.8,4.1,3.7,Intern,3.9,0,Negative
356,Provider Data Analyst,CertifyOS,Remote,Remote,Full-time,"['Relational databases', 'SQL', 'Microsoft Excel', 'NumPy', 'Pandas']",3.9,3.9,3.4,4.4,4.1,3.7,3.9,4,4.1,Analyst,3.9,0,Negative
357,Graduate Intern Technical,Intel,Bengaluru,Karnataka,Internship,"['C++', 'Communication skills', 'C', 'Software development', ""Bachelor's degree"", ""Master's degree""]",4.1,4.1,3.7,4.4,4.3,4.1,4.2,4.1,4.1,Intern,4.1,0.9572,Positive
358,Data Analyst 2,PayPal,Bengaluru,Karnataka,Full-time,"['Analysis skills', 'Power BI', 'SQL', 'Microsoft Excel', 'Predictive analytics', ""Bachelor's degree"", ""Master's degree""]",4,4,3.6,4.4,4.2,4.1,3.9,4,4.1,Analyst,4,-0.1081,Negative
359,Data Scientist,Socure,Chennai,Tamil Nadu,Not mentioned,"['Azure', 'SQL', 'Spark', 'Fraud', 'Scala', ""Bachelor's degree"", ""Master's degree""]",3.9,3.8,3.4,4.4,4.1,3.7,3.9,4.1,4,Scientist,3.9,0,Negative
360,QA Analyst,IQVIA,Kochi,Kerala,Full-time,"['Analysis skills', 'Agile', 'Salesforce', 'Oracle', 'NoSQL', ""Bachelor's degree"", ""Master's degree""]",4.2,4.1,3.9,4.7,4.5,4,4,4.4,4,Analyst,4.2,0.9325,Positive
361,Senior Systems Administrator,24-7 Intouch,Bengaluru,Karnataka,Full-time,"['Citrix', 'Analysis skills', 'vCenter', 'VMWare', 'Windows', ""Bachelor's degree""]",4,3.9,3.6,4.4,4.2,3.8,4,4.1,4,Administrator,4,0.4404,Negative
362,Engineering Manager II,Uber,Bengaluru,Karnataka,Full-time,"['Mobile applications', 'Analysis skills', 'Communication skills', 'Full-stack development', 'Supply chain', ""Bachelor's degree"", ""Master's degree"", 'Doctoral degree']",4.3,4.3,3.8,4.5,4.5,3.9,4.3,4.7,4.3,Manager,4.3,0.7774,Positive
363,"Software Engineer III, Engineering Productivity, Technical Infrastructure",Google,Bengaluru,Karnataka,Full-time,"['Distributed systems', 'Test automation', 'System design', 'Natural language processing', 'AI', ""Bachelor's degree"", ""Master's degree"", 'Doctoral degree']",4.2,4.3,3.6,4.5,4.2,4.2,4.3,4.2,4.3,Engineer,4.2,0.9806,Positive
364,BI Analyst,Indeed,Bengaluru,Karnataka,Full-time,"['SQL', 'Tableau', 'NumPy', 'Pandas', 'Microsoft Powerpoint', ""Bachelor's degree""]",4.4,4.7,3.5,4.8,4.3,4.3,4.3,4.5,4.6,Analyst,4.4,-0.1779,Negative
365,"Senior Software Engineer, Technical Infrastructure",Google,Bengaluru,Karnataka,Full-time,"['Distributed systems', 'System design', 'Natural language processing', 'AI', 'Software development', ""Bachelor's degree"", ""Master's degree"", 'Doctoral degree']",4.2,4.3,3.6,4.5,4.2,4.2,4.3,4.2,4.3,Engineer,4.2,0.9806,Positive
366,Senior Developer - Information Technology (.NET Developer),United Airlines,Bengaluru,Karnataka,Full-time,"['.NET Core', 'Relational databases', 'Design patterns', 'Vendor management', 'NoSQL', ""Bachelor's degree""]",4,3.9,3.6,4.5,4.2,3.5,3.9,4.1,4.2,Developer,4,0.4404,Negative
367,Senior Backend Developer,Canibuild Au Pty Ltd,New Delhi,Delhi,Full-time,"['React', 'TypeScript', 'Continuous integration', 'SQL', 'Node.js', ""Bachelor's degree""]",4,3.9,3.6,4.5,4.2,3.5,3.9,4.1,4.2,Developer,4,0.4404,Negative
368,Customer Data Analyst,Efftronics Systems,Mangalagiri,Andhra Pradesh,New-Grad,"['Software testing', ""Bachelor's degree"", 'Diploma']",3.9,3.9,3.4,4.4,4.1,3.7,3.9,4,4.1,Analyst,3.9,0,Negative
369,Data Scientist,Brandmuscle,Bengaluru,Karnataka,Full-time,"['SQL', 'NoSQL', 'Cassandra', 'Communication skills', 'Adobe Analytics', ""Bachelor's degree""]",3.3,3.3,2,4.7,4.3,4,3,3,2.3,Scientist,3.3,-0.5859,Negative
370,Big Data and Analytics Consultant,Google,Bengaluru,Karnataka,Full-time,"['Full-stack development', 'Spark', 'Redis', 'Tableau', 'MySQL', ""Bachelor's degree"", ""Master's degree""]",4.2,4.3,3.6,4.5,4.2,4.2,4.3,4.2,4.3,Consultant,4.2,0.9806,Positive
371,Data Scientist,Wolters Kluwer,Pune,Maharashtra,Full-time,"['Power BI', 'SQL', 'Microsoft Excel', 'Microsoft Powerpoint', 'Communication skills', ""Bachelor's degree"", ""Master's degree""]",3.9,3.8,3.4,4.4,4.1,3.7,3.9,4.1,4,Scientist,3.9,0,Negative
372,Analyst / Senior Analyst Data Science & Strategy,Amex,Gurgaon,Haryana,Not mentioned,"['Statistical analysis', 'SQL', 'Spark', 'Apache Hive', 'SAS', 'Doctoral degree', ""Bachelor's degree"", ""Master's degree""]",3.9,3.9,3.4,4.4,4.1,3.7,3.9,4,4.1,Analyst,3.9,0,Negative
373,Control Management - Data Visualization & Report Automation Associate,"JPMorgan Chase Bank, N.A.",Bengaluru,Karnataka,Full-time,"['Tableau', 'Banking', 'Alteryx', 'Analytics', 'Hadoop', ""Bachelor's degree"", ""Master's degree""]",4.1,4,3.7,4.4,4.3,3.8,4.1,4.2,4.1,Associate,4.1,0.4404,Negative
374,Data Engineer,Hewlett Packard Enterprise,Bengaluru,Karnataka,Full-time,"['Analysis skills', 'Communication skills', 'Less', ""Bachelor's degree"", ""Master's degree""]",4.1,4.1,3.5,4.4,4.2,4,4.1,4.2,4.2,Engineer,4.1,0.4404,Negative
375,Data Scientist,Synaptic,Gurgaon,Haryana,Full-time,"['Continuous integration', 'Spark', 'Microsoft Excel', 'Microsoft Powerpoint', 'Git', ""Bachelor's degree"", ""Master's degree""]",3.9,3.8,3.4,4.4,4.1,3.7,3.9,4.1,4,Scientist,3.9,0,Negative
376,Data Scientist,CanGo Networks,Chennai,Tamil Nadu,Full-time,"['Software deployment', 'PyTorch', 'NoSQL', 'MySQL', 'Deep learning', ""Master's degree""]",3.9,3.8,3.4,4.4,4.1,3.7,3.9,4.1,4,Scientist,3.9,0,Negative
377,"Data Analytics Lead, Google Cloud",Google,Mumbai,Maharashtra,Full-time,"['Data analytics', 'Full-stack development', 'Analytics', 'Machine learning', 'Data management', ""Bachelor's degree""]",4.2,4.3,3.6,4.5,4.2,4.2,4.3,4.2,4.3,Analyst,4.2,0.9806,Positive
378,DATA SCIENCE TRAINER,Camerin innovation Hub,Kanayannur,Kerala,Full-time,"['NumPy', 'Pandas', 'SciPy', 'Communication skills', 'Machine learning']",3.9,3.8,3.4,4.4,4.1,3.7,3.9,4.1,4,Scientist,3.9,0,Negative
379,"Data Scientist, Business and Marketing",Google,Bengaluru,Karnataka,Full-time,"['CSS', 'SQL', 'Natural language processing', 'Analytics', 'R', ""Bachelor's degree"", ""Master's degree""]",4.2,4.3,3.6,4.5,4.2,4.2,4.3,4.2,4.3,Scientist,4.2,0.9806,Positive
380,Junior Data Scientist,Soothsayer Analytics,Hyderabad,Telangana,Full-time,"['Bash', 'Perl', 'SQL', 'Apache Hive', 'MapReduce', ""Bachelor's degree""]",3.9,3.8,3.4,4.4,4.1,3.7,3.9,4.1,4,Scientist,3.9,0,Negative
381,Data Scientist,Sequretek,Mumbai,Maharashtra,Not mentioned,"['Deep learning', 'TensorFlow', 'Analysis skills', 'Agile', 'Machine learning', ""Master's degree""]",3.9,3.8,3.4,4.4,4.1,3.7,3.9,4.1,4,Scientist,3.9,0,Negative
382,Jr. Software Tester - Bangalore,MaitreLekha Global Services,Bengaluru,Karnataka,Full-time,"['React', 'IVR', 'APIs', 'PostgreSQL', 'Encryption', ""Bachelor's degree"", ""Master's degree""]",4,3.9,3.6,4.4,4.2,3.8,3.9,4.1,3.9,Other,4,0.4404,Negative
383,Data Engineer,TheHive,Remote,Remote,Temporary | Contract,"['SQL', 'Apache Hive', '.NET', 'Database development', 'C++', ""Bachelor's degree""]",4.1,4.1,3.5,4.4,4.2,4,4.1,4.2,4.2,Engineer,4.1,0.4404,Negative
384,Web Developer  Fresher,IntelloGrit,Remote,Remote,Full-time,"['CSS', 'Relational databases', 'Visual design', 'SEO', 'Application development', ""Master's degree""]",4,3.9,3.6,4.5,4.2,3.5,3.9,4.1,4.2,Developer,4,0.4404,Negative
385,SOC Analyst,Henkel,Bengaluru,Karnataka,Full-time,"['Elasticsearch', 'Analysis skills', 'Information security', ""Master's degree""]",3.7,3.6,3.1,4.2,3.9,3.6,3.5,3.9,3.5,Analyst,3.7,-0.2263,Negative
386,Associate Data Scientist (Analytical),Eli Lilly,Bengaluru,Karnataka,Full-time,['Workday'],4.1,4,3.7,4.4,4.3,3.8,4.1,4.2,4.1,Associate,4.1,0.4404,Negative
387,Sr. Backend Engineer,"tawk.to, Inc",New Delhi,Delhi,Full-time,"['Elasticsearch', 'TypeScript', 'Redis', 'Node.js', 'NoSQL', ""Bachelor's degree""]",4.1,4.1,3.5,4.4,4.2,4,4.1,4.2,4.2,Engineer,4.1,0.4404,Negative
388,"Software Engineer, Principal I",Progress,Hyderabad,Telangana,Full-time,"['SOAP', 'SQL', 'SSL', 'Windows', 'JDBC', ""Master's degree""]",4.1,4.1,3.5,4.4,4.2,4,4.1,4.2,4.2,Engineer,4.1,0.4404,Negative
389,"Senior Software Engineer, Infrastructure, Technical Infrastructure",Google,Bengaluru,Karnataka,Full-time,"['Distributed systems', 'System design', 'Natural language processing', 'AI', 'Software development', ""Bachelor's degree"", ""Master's degree"", 'Doctoral degree']",4.2,4.3,3.6,4.5,4.2,4.2,4.3,4.2,4.3,Engineer,4.2,0.9806,Positive
